,code,type,company
0,07-8614,L4T,OTHERS
1,130602,L4T,OTHERS
2,130604,L4T,OTHERS
3,130607,L4T,OTHERS
4,130610,L4T,OTHERS
5,130616,L4T,OTHERS
6,14+05,L2J,OTHERS
7,15+01,L2J,OTHERS
8,15001,L2J,OTHERS
9,15002,L2J,OTHERS
10,15003,L2J,OTHERS
11,15004,L2J,OTHERS
12,15005,L2J,OTHERS
13,16+01,L4J,OTHERS
14,16+02,L4J,OTHERS
15,163557,L2T,OTHERS
16,2801,L2J,OTHERS
17,4K-SW800,L4J,OTHERS
18,4K-SW888,L4J,OTHERS
19,606,L3J,OTHERS
20,7T-VJA,L2J,OTHERS
21,7T-VJC,L2J,OTHERS
22,7T-VJV,L2J,OTHERS
23,7T-VJW,L2J,OTHERS
24,7T-VJX,L2J,OTHERS
25,7T-VJY,L2J,OTHERS
26,7T-VJZ,L2J,OTHERS
27,84-0072,L2J,OTHERS
28,86-0374,L2J,OTHERS
29,99-0165,L4J,OTHERS
30,9H-FCB,L3J,OTHERS
31,9H-HFA,L2J,OTHERS
32,9H-JAI,L4J,OTHERS
33,9H-LXX,L2J,OTHERS
34,9H-SUN,L4J,OTHERS
35,9H-VIJ,L2J,OTHERS
36,9H-VJU,L2J,OTHERS
37,9H-VTD,L2J,OTHERS
38,A7-BAA,L2J,OTHERS
39,A7-BAB,L2J,OTHERS
40,A7-BAC,L2J,OTHERS
41,A7-BAE,L2J,OTHERS
42,A7-BAF,L2J,OTHERS
43,A7-BAG,L2J,OTHERS
44,A7-BAH,L2J,OTHERS
45,A7-BAI,L2J,OTHERS
46,A7-BAK,L2J,OTHERS
47,A7-BAL,L2J,OTHERS
48,A7-BAM,L2J,OTHERS
49,A7-BAO,L2J,OTHERS
50,A7-BAX,L2J,OTHERS
51,A7-BED,L2J,OTHERS
52,A7-BEE,L2J,OTHERS
53,A7-BEF,L2J,OTHERS
54,A7-BEG,L2J,OTHERS
55,A7-BEH,L2J,OTHERS
56,A7-BEI,L2J,OTHERS
57,A7-BEJ,L2J,OTHERS
58,A7-BEK,L2J,OTHERS
59,A7-BEL,L2J,OTHERS
60,A7-BEP,L2J,OTHERS
61,A7-BEQ,L2J,OTHERS
62,A7-BEU,L2J,OTHERS
63,A7-BFB,L2J,OTHERS
64,A7-BFC,L2J,OTHERS
65,A7-BFE,L2J,OTHERS
66,A7-BGA,L4J,OTHERS
67,A7-CGG,GLF6,OTHERS
68,C-FABF,L2J,OTHERS
69,C-FACV,L2T,JAZZ AVIATION LP
70,C-FAID,L2T,OTHERS
71,C-FAJC,L2J,OTHERS
72,C-FALQ,L2T,OTHERS
73,C-FANJ,L2J,SKYSERVICE BUSINESS AVIATION INC./SKYSERVICE AVIATION D'AFFAIRES INC.
74,C-FASP,L2J,AIRSPRINT INC.
75,C-FASR,L2J,AIRSPRINT INC.
76,C-FASV,L2J,AIRSPRINT INC.
77,C-FASW,L2J,AIRSPRINT INC.
78,C-FASY,L2J,AIRSPRINT INC.
79,C-FATP,L1P,OTHERS
80,C-FBCL,L2J,OTHERS
81,C-FBCR,L2J,OTHERS
82,C-FBDT,L1T,OTHERS
83,C-FBJZ,L2J,JAZZ AVIATION LP
84,C-FBNS,L3J,OTHERS
85,C-FBUR,L2J,OTHERS
86,C-FBWI,L2J,WESTJET
87,C-FBWJ,L2J,WESTJET
88,C-FBXL,L2J,OTHERS
89,C-FCAE,L2J,AIR CANADA
90,C-FCAG,L2J,AIR CANADA
91,C-FCCJ,L2J,CARGOJET AIRWAYS LTD.
92,C-FCEC,L2T,OTHERS
93,C-FCFC,H1T,OTHERS
94,C-FCJE,L2T,OTHERS
95,C-FCJP,L3J,CARGOJET AIRWAYS LTD.
96,C-FCJZ,L2J,JAZZ AVIATION LP
97,C-FCLB,L1T,OTHERS
98,C-FCLS,L2T,OTHERS
99,C-FCNW,L2J,WESTJET
100,C-FCPM,L1T,OTHERS
101,C-FCPR,L2J,OTHERS
102,C-FCSI,L2J,OTHERS
103,C-FCSX,L2J,WESTJET
104,C-FCTA,H2T,OTHERS
105,C-FCTK,L2J,WESTJET
106,C-FCVD,L1T,OTHERS
107,C-FCXY,L1P,OTHERS
108,C-FDAO,L2T,OTHERS
109,C-FDAX,L2J,OTHERS
110,C-FDCA,L2J,AIR CANADA
111,C-FDIJ,L2J,CARGOJET AIRWAYS LTD.
112,C-FDJA,L2J,JAZZ AVIATION LP
113,C-FDJZ,L2J,JAZZ AVIATION LP
114,C-FDKL,H1T,OTHERS
115,C-FDMB,L2J,WESTJET
116,C-FDND,L2T,OTHERS
117,C-FDOL,L2J,SKYSERVICE BUSINESS AVIATION INC./SKYSERVICE AVIATION D'AFFAIRES INC.
118,C-FDOV,L2T,OTHERS
119,C-FDOW,L3J,OTHERS
120,C-FDTC,L2T,OTHERS
121,C-FDTP,L2T,OTHERS
122,C-FEAI,L2T,OTHERS
123,C-FEDG,L2J,SKYSERVICE BUSINESS AVIATION INC./SKYSERVICE AVIATION D'AFFAIRES INC.
124,C-FEIQ,L2J,SKY REGIONAL AIRLINES INC. /LIGNES AÉRIENNES SKY REGIONAL INC.
125,C-FEIX,L2J,SKY REGIONAL AIRLINES INC. /LIGNES AÉRIENNES SKY REGIONAL INC.
126,C-FEJA,L2J,JAZZ AVIATION LP
127,C-FEJB,L2J,SKY REGIONAL AIRLINES INC. /LIGNES AÉRIENNES SKY REGIONAL INC.
128,C-FEJC,L2J,SKY REGIONAL AIRLINES INC. /LIGNES AÉRIENNES SKY REGIONAL INC.
129,C-FEJD,L2J,SKY REGIONAL AIRLINES INC. /LIGNES AÉRIENNES SKY REGIONAL INC.
130,C-FEJF,L2J,SKY REGIONAL AIRLINES INC. /LIGNES AÉRIENNES SKY REGIONAL INC.
131,C-FEJL,L2J,SKY REGIONAL AIRLINES INC. /LIGNES AÉRIENNES SKY REGIONAL INC.
132,C-FEJP,L2J,SKY REGIONAL AIRLINES INC. /LIGNES AÉRIENNES SKY REGIONAL INC.
133,C-FEJY,L2J,SKY REGIONAL AIRLINES INC. /LIGNES AÉRIENNES SKY REGIONAL INC.
134,C-FEKD,L2J,SKY REGIONAL AIRLINES INC. /LIGNES AÉRIENNES SKY REGIONAL INC.
135,C-FEKH,L2J,SKY REGIONAL AIRLINES INC. /LIGNES AÉRIENNES SKY REGIONAL INC.
136,C-FEKI,L2J,SKY REGIONAL AIRLINES INC. /LIGNES AÉRIENNES SKY REGIONAL INC.
137,C-FEKJ,L2J,SKY REGIONAL AIRLINES INC. /LIGNES AÉRIENNES SKY REGIONAL INC.
138,C-FEKS,L2J,SKY REGIONAL AIRLINES INC. /LIGNES AÉRIENNES SKY REGIONAL INC.
139,C-FENJ,L2T,WESTJET ENCORE LTD.
140,C-FENO,L2T,WESTJET ENCORE LTD.
141,C-FENU,L2T,WESTJET ENCORE LTD.
142,C-FENY,L2T,WESTJET ENCORE LTD.
143,C-FEWJ,L2J,WESTJET
144,C-FEXF,L1T,OTHERS
145,C-FEXO,L1T,OTHERS
146,C-FEXX,L1T,OTHERS
147,C-FFAL,L2J,OTHERS
148,C-FFBC,L2J,OTHERS
149,C-FFBE,L2J,OTHERS
150,C-FFCD,L2J,OTHERS
151,C-FFEL,L2J,FLAIR AIRLINE
152,C-FFIJ,L2J,OTHERS
153,C-FFIP,L2J,OTHERS
154,C-FFJA,L2J,JAZZ AVIATION LP
155,C-FFNC,L2J,OTHERS
156,C-FFNE,L2J,OTHERS
157,C-FFNF,L2J,OTHERS
158,C-FFNM,L2J,OTHERS
159,C-FFPH,L2J,SUNWING AIRLINES INC.
160,C-FFSS,L2T,OTHERS
161,C-FFTR,L2J,OTHERS
162,C-FFTT,L1T,OTHERS
163,C-FFTU,L1P,OTHERS
164,C-FFXM,H1T,OTHERS
165,C-FFYG,L2J,SKY REGIONAL AIRLINES INC. /LIGNES AÉRIENNES SKY REGIONAL INC.
166,C-FFZM,L1P,OTHERS
167,C-FGAJ,L2J,CARGOJET AIRWAYS LTD.
168,C-FGDT,L2J,AIR CANADA
169,C-FGDX,L2J,AIR CANADA
170,C-FGDZ,L2J,AIR CANADA
171,C-FGEI,L2J,AIR CANADA
172,C-FGEO,L2J,AIR CANADA
173,C-FGFL,L1T,OTHERS
174,C-FGFZ,L2J,AIR CANADA
175,C-FGGC,L2T,OTHERS
176,C-FGGE,L2T,OTHERS
177,C-FGHZ,L2J,AIR CANADA
178,C-FGJI,L2J,AIR CANADA
179,C-FGKH,L2J,AIR CANADA
180,C-FGKJ,L2J,CARGOJET AIRWAYS LTD.
181,C-FGKN,L2J,AIR CANADA
182,C-FGKP,L2J,AIR CANADA
183,C-FGKS,L2T,OTHERS
184,C-FGKZ,L2J,AIR CANADA
185,C-FGMQ,L1T,OTHERS
186,C-FGRI,L1P,OTHERS
187,C-FGRP,L2T,JAZZ AVIATION LP
188,C-FGSJ,L2J,CARGOJET AIRWAYS LTD.
189,C-FGWA,L2T,OTHERS
190,C-FGWJ,L2J,WESTJET
191,C-FGXG,L2T,OTHERS
192,C-FGXH,L2T,OTHERS
193,C-FGXJ,L2T,OTHERS
194,C-FGXL,L2T,OTHERS
195,C-FGXO,L2T,OTHERS
196,C-FGXS,L2T,OTHERS
197,C-FHCE,L1T,OTHERS
198,C-FHCW,L2J,OTHERS
199,C-FHEN,L2T,WESTJET ENCORE LTD.
200,C-FHNM,L2T,OTHERS
201,C-FHSP,L2T,OTHERS
202,C-FHTH,L1T,OTHERS
203,C-FIAI,L2T,OTHERS
204,C-FIAS,L2J,AIRSPRINT INC.
205,C-FIBR,L2T,SKYSERVICE BUSINESS AVIATION INC./SKYSERVICE AVIATION D'AFFAIRES INC.
206,C-FIBW,L2J,WESTJET
207,C-FIJA,L2J,JAZZ AVIATION LP
208,C-FIOV,L2J,OTHERS
209,C-FIPC,L1T,OTHERS
210,C-FIPN,L2J,OTHERS
211,C-FIPP,L2J,OTHERS
212,C-FISO,L1P,SKYSERVICE BUSINESS AVIATION INC./SKYSERVICE AVIATION D'AFFAIRES INC.
213,C-FITU,L2J,AIR CANADA
214,C-FITW,L2J,AIR CANADA
215,C-FITZ,H1P,OTHERS
216,C-FIUA,L2J,AIR CANADA
217,C-FIUF,L2J,AIR CANADA
218,C-FIUJ,L2J,AIR CANADA
219,C-FIUL,L2J,AIR CANADA
220,C-FIUR,L2J,AIR CANADA
221,C-FIUV,L2J,AIR CANADA
222,C-FIUW,L2J,AIR CANADA
223,C-FIVK,L2J,AIR CANADA
224,C-FIVM,L2J,AIR CANADA
225,C-FIVQ,L2J,AIR CANADA
226,C-FIVR,L2J,AIR CANADA
227,C-FIVS,L2J,AIR CANADA
228,C-FIVW,L2J,AIR CANADA
229,C-FIVX,L2J,AIR CANADA
230,C-FIWE,L2T,WESTJET ENCORE LTD.
231,C-FIWZ,L1T,OTHERS
232,C-FJAS,L2J,AIRSPRINT INC.
233,C-FJBO,L2J,SKY REGIONAL AIRLINES INC. /LIGNES AÉRIENNES SKY REGIONAL INC.
234,C-FJCZ,L2J,OTHERS
235,C-FJDQ,L2T,OTHERS
236,C-FJEA,L2T,OTHERS
237,C-FJFR,L2T,OTHERS
238,C-FJIC,L2J,OTHERS
239,C-FJJZ,L2J,JAZZ AVIATION LP
240,C-FJNX,L2J,AIR CANADA
241,C-FJOK,L2J,AIR CANADA
242,C-FJOL,L2J,OTHERS
243,C-FJOU,L2J,AIR CANADA
244,C-FJQD,L2J,AIR CANADA
245,C-FJQH,L2J,AIR CANADA
246,C-FJQL,L2J,AIR CANADA
247,C-FJRX,L2J,OTHERS
248,C-FJVE,L2J,SUNWING AIRLINES INC.
249,C-FJWE,L2T,WESTJET ENCORE LTD.
250,C-FJZD,L2J,JAZZ AVIATION LP
251,C-FJZL,L2J,JAZZ AVIATION LP
252,C-FJZN,L1P,OTHERS
253,C-FJZS,L2J,AIR CANADA
254,C-FKAJ,L2J,CARGOJET AIRWAYS LTD.
255,C-FKAU,L2J,AIR CANADA
256,C-FKAZ,L1T,OTHERS
257,C-FKCA,L1T,OTHERS
258,C-FKCE,L2J,OTHERS
259,C-FKCJ,L2J,CARGOJET AIRWAYS LTD.
260,C-FKGE,L1T,OTHERS
261,C-FKHJ,L2J,OTHERS
262,C-FKIW,L2J,WESTJET
263,C-FKJZ,L2J,JAZZ AVIATION LP
264,C-FKLB,L2J,OTHERS
265,C-FKMG,L2T,OTHERS
266,C-FKOJ,L2J,AIR CANADA
267,C-FKPT,L2J,AIR CANADA
268,C-FKPX,L1T,OTHERS
269,C-FKRF,L2J,WESTJET
270,C-FKRR,L1T,OTHERS
271,C-FKSL,L1T,OTHERS
272,C-FKSV,L2J,AIR CANADA
273,C-FKWE,L2T,WESTJET ENCORE LTD.
274,C-FKWJ,L2J,WESTJET
275,C-FKWS,L2J,WESTJET
276,C-FLAJ,L2J,CARGOJET AIRWAYS LTD.
277,C-FLAS,L2J,AIRSPRINT INC.
278,C-FLAV,L2J,OTHERS
279,C-FLBI,H1P,OTHERS
280,C-FLDD,L2J,OTHERS
281,C-FLDK,H1P,OTHERS
282,C-FLEJ,L2J,FLAIR AIRLINE
283,C-FLFD,H2T,OTHERS
284,C-FLJZ,L2J,JAZZ AVIATION LP
285,C-FLKC,L2J,FLAIR AIRLINE
286,C-FLKI,L2J,FLAIR AIRLINE
287,C-FLKJ,L2J,FLAIR AIRLINE
288,C-FLKX,L2J,AIR CANADA
289,C-FLKY,L2J,OTHERS
290,C-FLOX,L2J,OTHERS
291,C-FLPB,L2J,OTHERS
292,C-FLQY,L2T,PORTER AIRLINES INC.
293,C-FLSW,L2J,SUNWING AIRLINES INC.
294,C-FLWJ,L2J,WESTJET
295,C-FLZA,L2J,OTHERS
296,C-FMAI,L2J,OTHERS
297,C-FMDF,L1T,OTHERS
298,C-FMDO,L1T,OTHERS
299,C-FMDW,L2T,JAZZ AVIATION LP
300,C-FMEK,L2J,OTHERS
301,C-FMEP,L2J,OTHERS
302,C-FMEQ,L2J,OTHERS
303,C-FMEU,L2J,OTHERS
304,C-FMFG,L2J,OTHERS
305,C-FMFL,L3J,OTHERS
306,C-FMFM,L2J,OTHERS
307,C-FMFX,L2T,OTHERS
308,C-FMGP,L2T,OTHERS
309,C-FMHA,L2J,OTHERS
310,C-FMHD,L2T,OTHERS
311,C-FMIJ,L2J,CARGOJET AIRWAYS LTD.
312,C-FMIX,L2J,OTHERS
313,C-FMOC,L2J,OTHERS
314,C-FMPN,L2J,OTHERS
315,C-FMSX,L2J,AIR CANADA
316,C-FMUN,L2T,OTHERS
317,C-FMWJ,L2J,WESTJET
318,C-FMXA,L2J,SUNWING AIRLINES INC.
319,C-FMYB,L1P,OTHERS
320,C-FNAI,L2J,AIR CANADA
321,C-FNAS,H1T,OTHERS
322,C-FNAX,L2J,WESTJET
323,C-FNDF,L2J,OTHERS
324,C-FNEN,L2T,WESTJET ENCORE LTD.
325,C-FNFS,L2J,OTHERS
326,C-FNJZ,L2J,JAZZ AVIATION LP
327,C-FNND,L2J,AIR CANADA
328,C-FNNH,L2J,AIR CANADA
329,C-FNNQ,L2J,AIR CANADA
330,C-FNNU,L2J,AIR CANADA
331,C-FNNW,L2J,AIR CANADA
332,C-FNOE,L2J,AIR CANADA
333,C-FNOG,L2J,AIR CANADA
334,C-FNOH,L2J,AIR CANADA
335,C-FNOI,L2J,AIR CANADA
336,C-FNRC,L2T,OTHERS
337,C-FNVU,L2J,AIR CANADA
338,C-FNVV,L2J,AIR CANADA
339,C-FNWD,L2J,WESTJET
340,C-FNZO,H1T,OTHERS
341,C-FOAI,L2T,OTHERS
342,C-FOEN,L2T,WESTJET ENCORE LTD.
343,C-FOIJ,L2J,OTHERS
344,C-FOJZ,L2J,JAZZ AVIATION LP
345,C-FOPD,L1T,OTHERS
346,C-FORB,L2J,OTHERS
347,C-FOST,L2T,OTHERS
348,C-FOUH,L1P,OTHERS
349,C-FOUU,L1P,OTHERS
350,C-FOWE,L2T,WESTJET ENCORE LTD.
351,C-FPAE,L2T,OTHERS
352,C-FPAW,L4J,OTHERS
353,C-FPBC,L2T,SKYSERVICE BUSINESS AVIATION INC./SKYSERVICE AVIATION D'AFFAIRES INC.
354,C-FPCA,L2J,AIR CANADA
355,C-FPDN,L2J,AIR CANADA
356,C-FPIJ,L2J,CARGOJET AIRWAYS LTD.
357,C-FPQB,L2J,AIR CANADA
358,C-FPRP,L2J,SUNWING AIRLINES INC.
359,C-FPVC,H1T,OTHERS
360,C-FPWB,L2J,OTHERS
361,C-FPWE,L2J,AIR CANADA
362,C-FPYP,L2J,OTHERS
363,C-FQWE,L2T,WESTJET ENCORE LTD.
364,C-FRAM,L2J,AIR CANADA
365,C-FRAX,L2J,WESTJET
366,C-FREE,L2J,OTHERS
367,C-FREQ,L2T,OTHERS
368,C-FRIQ,H1T,OTHERS
369,C-FRJZ,L2J,OTHERS
370,C-FRKI,L2J,OTHERS
371,C-FRQK,L2J,SKY REGIONAL AIRLINES INC. /LIGNES AÉRIENNES SKY REGIONAL INC.
372,C-FRQM,L2J,SKY REGIONAL AIRLINES INC. /LIGNES AÉRIENNES SKY REGIONAL INC.
373,C-FRQN,L2J,SKY REGIONAL AIRLINES INC. /LIGNES AÉRIENNES SKY REGIONAL INC.
374,C-FRQP,L2J,SKY REGIONAL AIRLINES INC. /LIGNES AÉRIENNES SKY REGIONAL INC.
375,C-FRQW,L2J,SKY REGIONAL AIRLINES INC. /LIGNES AÉRIENNES SKY REGIONAL INC.
376,C-FRSA,L2J,AIR CANADA
377,C-FRSE,L2J,AIR CANADA
378,C-FRSI,L2J,AIR CANADA
379,C-FRSO,L2J,AIR CANADA
380,C-FRSR,L2J,AIR CANADA
381,C-FRTG,L2J,AIR CANADA
382,C-FRTU,L2J,AIR CANADA
383,C-FRTW,L2J,AIR CANADA
384,C-FRWA,L2J,WESTJET
385,C-FRYV,L2J,WESTJET
386,C-FSBV,L2J,AIR CANADA
387,C-FSCY,L2J,AIR CANADA
388,C-FSDB,L2J,AIR CANADA
389,C-FSDL,L2J,OTHERS
390,C-FSDQ,L2J,AIR CANADA
391,C-FSDW,L2J,AIR CANADA
392,C-FSEP,L2J,OTHERS
393,C-FSEQ,L2J,AIR CANADA
394,C-FSES,L2J,AIR CANADA
395,C-FSIL,L2J,AIR CANADA
396,C-FSIP,L2J,AIR CANADA
397,C-FSIQ,L2J,AIR CANADA
398,C-FSJH,L2J,AIR CANADA
399,C-FSJJ,L2J,AIR CANADA
400,C-FSKZ,L2J,AIR CANADA
401,C-FSLU,L2J,AIR CANADA
402,C-FSNC,L2J,OTHERS
403,C-FSNP,L2T,OTHERS
404,C-FSNQ,L2J,AIR CANADA
405,C-FSNU,L2J,AIR CANADA
406,C-FSOC,L2J,AIR CANADA
407,C-FSOI,L2J,AIR CANADA
408,C-FSTJ,H1T,OTHERS
409,C-FSUD,L2T,OTHERS
410,C-FSUE,H2T,OTHERS
411,C-FSWE,L2T,WESTJET ENCORE LTD.
412,C-FSXR,L2J,OTHERS
413,C-FTAB,L1T,OTHERS
414,C-FTEL,G550,OTHERS
415,C-FTEN,L2T,WESTJET ENCORE LTD.
416,C-FTIT,H1T,OTHERS
417,C-FTJV,L2J,AIR CANADA
418,C-FTJZ,L2J,JAZZ AVIATION LP
419,C-FTKO,H1T,OTHERS
420,C-FTLF,L1P,OTHERS
421,C-FTOH,L2J,SUNWING AIRLINES INC.
422,C-FTOR,L2J,OTHERS
423,C-FTXE,L2J,SUNWING AIRLINES INC.
424,C-FTXF,L2J,OTHERS
425,C-FTXQ,L2T,OTHERS
426,C-FUCS,L2J,WESTJET
427,C-FUJA,L2J,SKY REGIONAL AIRLINES INC. /LIGNES AÉRIENNES SKY REGIONAL INC.
428,C-FUJE,L2J,SKY REGIONAL AIRLINES INC. /LIGNES AÉRIENNES SKY REGIONAL INC.
429,C-FUJR,L2J,WESTJET
430,C-FUJZ,L2J,JAZZ AVIATION LP
431,C-FUMC,H1T,OTHERS
432,C-FUMF,L2J,WESTJET
433,C-FUPQ,L2T,OTHERS
434,C-FUSM,L2J,WESTJET
435,C-FUTL,L2J,OTHERS
436,C-FUWE,L2T,WESTJET ENCORE LTD.
437,C-FUWS,L2J,WESTJET
438,C-FVLZ,L2J,AIR CANADA
439,C-FVMI,L1P,OTHERS
440,C-FVPK,L1T,OTHERS
441,C-FVTM,H1T,OTHERS
442,C-FVVA,H1T,OTHERS
443,C-FVZZ,L1P,OTHERS
444,C-FWCN,L2J,WESTJET
445,C-FWEP,L2T,WESTJET ENCORE LTD.
446,C-FWEW,L2T,WESTJET ENCORE LTD.
447,C-FWEZ,L2T,WESTJET ENCORE LTD.
448,C-FWGH,L2J,SUNWING AIRLINES INC.
449,C-FWIJ,L2J,WESTJET
450,C-FWJS,L2J,WESTJET
451,C-FWRR,L2J,AIR GEORGIAN LIMITED
452,C-FWRX,L2J,OTHERS
453,C-FWSE,L2J,WESTJET
454,C-FWSF,L2J,WESTJET
455,C-FWSI,L2J,WESTJET
456,C-FWSK,L2J,WESTJET
457,C-FWSO,L2J,WESTJET
458,C-FWSV,L2J,WESTJET
459,C-FWSX,L2J,WESTJET
460,C-FWSY,L2J,WESTJET
461,C-FWTF,L2J,OTHERS
462,C-FWUT,L2J,OTHERS
463,C-FWVJ,L2J,WESTJET
464,C-FXAB,L1T,OTHERS
465,C-FXCD,L2J,AIR CANADA
466,C-FXDE,L2T,OTHERS
467,C-FXDP,H1T,OTHERS
468,C-FXGO,L2J,OTHERS
469,C-FXJC,L2J,SKY REGIONAL AIRLINES INC. /LIGNES AÉRIENNES SKY REGIONAL INC.
470,C-FXJF,L2J,SKY REGIONAL AIRLINES INC. /LIGNES AÉRIENNES SKY REGIONAL INC.
471,C-FXMS,L2J,WESTJET
472,C-FXOO,L3J,OTHERS
473,C-FXWJ,L2J,WESTJET
474,C-FYAI,L2T,OTHERS
475,C-FYAU,H2T,OTHERS
476,C-FYCB,L2T,OTHERS
477,C-FYGM,L1J,OTHERS
478,C-FYHU,L1P,OTHERS
479,C-FYJD,L2J,SUNWING AIRLINES INC.
480,C-FYJE,L2J,AIR CANADA
481,C-FYJG,L2J,AIR CANADA
482,C-FYJH,L2J,AIR CANADA
483,C-FYJO,L2J,SUNWING AIRLINES INC.
484,C-FYKC,L2J,AIR CANADA
485,C-FYKR,L2J,AIR CANADA
486,C-FYMM,L2J,OTHERS
487,C-FYMQ,L2T,OTHERS
488,C-FYNS,L2J,AIR CANADA
489,C-FYQB,H2T,OTHERS
490,C-FYTZ,L2J,OTHERS
491,C-FYUT,L1T,OTHERS
492,C-FZJA,L2J,JAZZ AVIATION LP
493,C-FZQS,L2J,AIR CANADA
494,C-FZRM,L2J,WESTJET
495,C-FZUB,L2J,AIR CANADA
496,C-FZUG,L2J,AIR CANADA
497,C-GAAS,L2J,AIRSPRINT INC.
498,C-GAAU,L2T,AIR GEORGIAN LIMITED
499,C-GAEW,L2T,OTHERS
500,C-GAGE,L2T,OTHERS
501,C-GAIG,L2J,OTHERS
502,C-GAIS,L2T,OTHERS
503,C-GAJS,L2J,OTHERS
504,C-GAMQ,L2J,WESTJET
505,C-GAPY,L2J,AIR CANADA
506,C-GARJ,L2J,AIR CANADA
507,C-GARO,L2J,AIR CANADA
508,C-GASL,L2J,AIRSPRINT INC.
509,C-GASR,L2J,AIRSPRINT INC.
510,C-GATM,H1P,OTHERS
511,C-GAWP,L1T,OTHERS
512,C-GAWR,L2J,OTHERS
513,C-GAWS,L2J,WESTJET
514,C-GAYX,H1T,OTHERS
515,C-GBAP,L1T,OTHERS
516,C-GBDB,H1T,OTHERS
517,C-GBFY,L1P,OTHERS
518,C-GBHN,L2J,AIR CANADA
519,C-GBHO,L2J,AIR CANADA
520,C-GBHR,L2J,AIR CANADA
521,C-GBHY,L2J,AIR CANADA
522,C-GBHZ,L2J,AIR CANADA
523,C-GBIA,L2J,AIR CANADA
524,C-GBIJ,L2J,AIR CANADA
525,C-GBIK,L2J,AIR CANADA
526,C-GBIM,L2J,AIR CANADA
527,C-GBIN,L2J,AIR CANADA
528,C-GBIS,L1P,OTHERS
529,C-GBJZ,L2T,JAZZ AVIATION LP
530,C-GBOQ,H1P,OTHERS
531,C-GBZS,L2J,SUNWING AIRLINES INC.
532,C-GCAM,L2J,WESTJET
533,C-GCAQ,L2T,AVIATION STARLINK INC.
534,C-GCCZ,L1P,OTHERS
535,C-GCDS,L2J,OTHERS
536,C-GCFJ,L2T,OTHERS
537,C-GCFR,L4T,OTHERS
538,C-GCGA,L1T,OTHERS
539,C-GCGP,H2T,OTHERS
540,C-GCGQ,H2T,OTHERS
541,C-GCGS,L2J,OTHERS
542,C-GCHI,H1T,OTHERS
543,C-GCIJ,L2J,CARGOJET AIRWAYS LTD.
544,C-GCIQ,H2T,OTHERS
545,C-GCJT,L2J,CARGOJET AIRWAYS LTD.
546,C-GCJZ,L3J,CARGOJET AIRWAYS LTD.
547,C-GCMP,L2J,OTHERS
548,C-GCMT,L2T,OTHERS
549,C-GCMZ,L2T,OTHERS
550,C-GCNK,L2J,OTHERS
551,C-GCNU,L2J,OTHERS
552,C-GCOA,H1P,OTHERS
553,C-GCOM,L2T,OTHERS
554,C-GCPW,L2J,OTHERS
555,C-GCQB,H2T,OTHERS
556,C-GCQG,H2T,OTHERS
557,C-GCQS,H2T,OTHERS
558,C-GCRU,H2T,OTHERS
559,C-GCRW,H1P,OTHERS
560,C-GCUL,L3J,OTHERS
561,C-GCVS,L2T,OTHERS
562,C-GCWJ,L2J,WESTJET
563,C-GDBJ,L1T,AVIATION STARLINK INC.
564,C-GDCC,L2J,AVIATION STARLINK INC.
565,C-GDCP,L2J,OTHERS
566,C-GDEK,L2J,OTHERS
567,C-GDEN,L2T,WESTJET ENCORE LTD.
568,C-GDEW,L2T,WESTJET ENCORE LTD.
569,C-GDIL,L2J,OTHERS
570,C-GDJZ,L2J,JAZZ AVIATION LP
571,C-GDPF,L2J,OTHERS
572,C-GDPG,L2J,OTHERS
573,C-GDTM,L2T,OTHERS
574,C-GDTR,L2J,SKYSERVICE BUSINESS AVIATION INC./SKYSERVICE AVIATION D'AFFAIRES INC.
575,C-GEAJ,L2T,OTHERS
576,C-GECT,L1T,OTHERS
577,C-GEEN,L2T,WESTJET ENCORE LTD.
578,C-GEFA,L2J,AIR CANADA
579,C-GEGC,L2J,AIR CANADA
580,C-GEGI,L2J,AIR CANADA
581,C-GEHI,L2J,AIR CANADA
582,C-GEHQ,L2J,AIR CANADA
583,C-GEHS,L2T,OTHERS
584,C-GEHY,L2J,AIR CANADA
585,C-GEIV,L2J,AIR CANADA
586,C-GEJE,L2T,OTHERS
587,C-GEJL,L2J,AIR CANADA
588,C-GEJN,H1P,OTHERS
589,C-GEKH,L2J,AIR CANADA
590,C-GEKX,L2J,AIR CANADA
591,C-GEMV,L2J,AIR CANADA
592,C-GENK,L2T,WESTJET ENCORE LTD.
593,C-GENM,L2T,WESTJET ENCORE LTD.
594,C-GENO,L2T,WESTJET ENCORE LTD.
595,C-GENU,L2T,WESTJET ENCORE LTD.
596,C-GENV,L2T,WESTJET ENCORE LTD.
597,C-GEOC,H1T,OTHERS
598,C-GEPW,L2P,OTHERS
599,C-GEWQ,L2T,JAZZ AVIATION LP
600,C-GFAF,L2J,AIR CANADA
601,C-GFAH,L2J,AIR CANADA
602,C-GFAJ,L2J,AIR CANADA
603,C-GFAP,L2T,OTHERS
604,C-GFCB,L2J,OTHERS
605,C-GFCH,H2T,OTHERS
606,C-GFEH,L2J,SUNWING AIRLINES INC.
607,C-GFFT,L2J,OTHERS
608,C-GFHR,L2J,SKYSERVICE BUSINESS AVIATION INC./SKYSERVICE AVIATION D'AFFAIRES INC.
609,C-GFIO,L2J,OTHERS
610,C-GFJZ,L2J,JAZZ AVIATION LP
611,C-GFKA,L1T,OTHERS
612,C-GFLN,L1T,OTHERS
613,C-GFLZ,L2T,OTHERS
614,C-GFON,L2T,OTHERS
615,C-GFTY,L1P,OTHERS
616,C-GFUR,L2J,AIR CANADA
617,C-GGBF,L2T,JAZZ AVIATION LP
618,C-GGBI,L2P,OTHERS
619,C-GGCH,H2T,OTHERS
620,C-GGCI,L2T,JAZZ AVIATION LP
621,C-GGDU,L2T,JAZZ AVIATION LP
622,C-GGFJ,L2T,JAZZ AVIATION LP
623,C-GGIP,L1P,OTHERS
624,C-GGJA,L2J,JAZZ AVIATION LP
625,C-GGLM,H1T,OTHERS
626,C-GGMI,L2T,JAZZ AVIATION LP
627,C-GGMN,L2T,JAZZ AVIATION LP
628,C-GGMZ,L2T,JAZZ AVIATION LP
629,C-GGND,L2T,JAZZ AVIATION LP
630,C-GGNF,L2T,JAZZ AVIATION LP
631,C-GGNW,L2T,JAZZ AVIATION LP
632,C-GGNY,L2T,JAZZ AVIATION LP
633,C-GGOI,L2T,JAZZ AVIATION LP
634,C-GGPX,L2T,OTHERS
635,C-GGSU,L2T,OTHERS
636,C-GGWJ,L2J,WESTJET
637,C-GHHM,H1T,OTHERS
638,C-GHKR,L2J,AIR CANADA
639,C-GHKW,L2J,AIR CANADA
640,C-GHKX,L2J,AIR CANADA
641,C-GHLM,L2J,AIR CANADA
642,C-GHLT,L2J,AIR CANADA
643,C-GHPE,L2J,AIR CANADA
644,C-GHPF,L1T,OTHERS
645,C-GHPQ,L2J,AIR CANADA
646,C-GHPT,L2J,AIR CANADA
647,C-GHPU,L2J,AIR CANADA
648,C-GHPV,L2J,AIR CANADA
649,C-GHPX,L2J,AIR CANADA
650,C-GHPY,L2J,AIR CANADA
651,C-GHQL,L2T,OTHERS
652,C-GHQP,L2T,OTHERS
653,C-GHQQ,L2J,AIR CANADA
654,C-GHQY,L2J,AIR CANADA
655,C-GIAB,L2T,OTHERS
656,C-GIAC,L2J,OTHERS
657,C-GIAJ,L2J,CARGOJET AIRWAYS LTD.
658,C-GICN,L2J,OTHERS
659,C-GICR,L1T,OTHERS
660,C-GIDG,H2T,OTHERS
661,C-GIED,L2T,OTHERS
662,C-GIJZ,L2T,JAZZ AVIATION LP
663,C-GIPZ,L2J,OTHERS
664,C-GIRL,L2J,AVIATION STARLINK INC.
665,C-GITP,L2J,AIR CANADA
666,C-GITR,L2J,AIR CANADA
667,C-GITU,L2J,AIR CANADA
668,C-GITY,L2J,AIR CANADA
669,C-GIUB,L2J,AIR CANADA
670,C-GIUE,L2J,AIR CANADA
671,C-GIUF,L2J,AIR CANADA
672,C-GIWZ,L2J,OTHERS
673,C-GIZI,L1P,OTHERS
674,C-GJAE,L2J,OTHERS
675,C-GJAN,L2J,AIR CANADA
676,C-GJAZ,L2J,JAZZ AVIATION LP
677,C-GJCB,L2J,OTHERS
678,C-GJDA,L2J,AIR TRANSAT
679,C-GJDI,L2T,OTHERS
680,C-GJDR,L2J,SKYSERVICE BUSINESS AVIATION INC./SKYSERVICE AVIATION D'AFFAIRES INC.
681,C-GJDU,L2J,SKYSERVICE BUSINESS AVIATION INC./SKYSERVICE AVIATION D'AFFAIRES INC.
682,C-GJEI,L2J,OTHERS
683,C-GJEN,L2T,WESTJET ENCORE LTD.
684,C-GJET,L2J,OTHERS
685,C-GJFG,L2J,SKYSERVICE BUSINESS AVIATION INC./SKYSERVICE AVIATION D'AFFAIRES INC.
686,C-GJFY,L2T,OTHERS
687,C-GJFZ,L2J,AIR CANADA
688,C-GJKI,L2J,OTHERS
689,C-GJLJ,L2T,OTHERS
690,C-GJLR,L2T,OTHERS
691,C-GJLZ,L2J,WESTJET
692,C-GJOJ,L1P,OTHERS
693,C-GJOP,L2T,OTHERS
694,C-GJPY,L2T,OTHERS
695,C-GJVT,L2J,AIR CANADA
696,C-GJVX,L2J,AIR CANADA
697,C-GJWD,L2J,AIR CANADA
698,C-GJWE,L2T,WESTJET ENCORE LTD.
699,C-GJWI,L2J,AIR CANADA
700,C-GJWN,L2J,AIR CANADA
701,C-GJWO,L2J,AIR CANADA
702,C-GJWS,L2J,WESTJET
703,C-GJXE,L2J,AIR CANADA
704,C-GJXN,L2J,AIR CANADA
705,C-GJXV,L2J,AIR CANADA
706,C-GJXW,L2J,AIR CANADA
707,C-GJXY,L2J,AIR CANADA
708,C-GJZA,L2T,JAZZ AVIATION LP
709,C-GJZC,L2T,JAZZ AVIATION LP
710,C-GJZD,L2T,JAZZ AVIATION LP
711,C-GJZF,L2T,JAZZ AVIATION LP
712,C-GJZG,L2T,JAZZ AVIATION LP
713,C-GJZK,L2T,JAZZ AVIATION LP
714,C-GJZN,L2T,JAZZ AVIATION LP
715,C-GJZS,L2J,JAZZ AVIATION LP
716,C-GJZT,L2J,JAZZ AVIATION LP
717,C-GJZV,L2J,JAZZ AVIATION LP
718,C-GJZX,L2T,JAZZ AVIATION LP
719,C-GJZY,L2T,JAZZ AVIATION LP
720,C-GJZZ,L2J,JAZZ AVIATION LP
721,C-GKEP,L2J,AIR GEORGIAN LIMITED
722,C-GKOD,L2J,AIR CANADA
723,C-GKOE,L2J,AIR CANADA
724,C-GKON,L2T,JAZZ AVIATION LP
725,C-GKOP,H1P,OTHERS
726,C-GKQA,L2T,PORTER AIRLINES INC.
727,C-GKQB,L2T,PORTER AIRLINES INC.
728,C-GKQC,L2T,PORTER AIRLINES INC.
729,C-GKQD,L2T,PORTER AIRLINES INC.
730,C-GKQE,L2T,PORTER AIRLINES INC.
731,C-GKQF,L2T,PORTER AIRLINES INC.
732,C-GKQG,L2T,PORTER AIRLINES INC.
733,C-GKQH,L2T,PORTER AIRLINES INC.
734,C-GKQI,L2T,PORTER AIRLINES INC.
735,C-GKSP,H1P,OTHERS
736,C-GKUC,L1T,OTHERS
737,C-GKUH,L2J,AIR CANADA
738,C-GKWA,L2J,WESTJET
739,C-GKWE,L2T,WESTJET ENCORE LTD.
740,C-GKWJ,L2J,WESTJET
741,C-GKXS,L2J,OTHERS
742,C-GKZB,L2J,OTHERS
743,C-GLBR,L2J,OTHERS
744,C-GLEM,L2T,OTHERS
745,C-GLER,L1T,OTHERS
746,C-GLFV,L2J,SKYSERVICE BUSINESS AVIATION INC./SKYSERVICE AVIATION D'AFFAIRES INC.
747,C-GLJZ,L2J,JAZZ AVIATION LP
748,C-GLMI,L2J,SKYSERVICE BUSINESS AVIATION INC./SKYSERVICE AVIATION D'AFFAIRES INC.
749,C-GLNL,L2J,OTHERS
750,C-GLQB,L2T,PORTER AIRLINES INC.
751,C-GLQC,L2T,PORTER AIRLINES INC.
752,C-GLQD,L2T,PORTER AIRLINES INC.
753,C-GLQE,L2T,PORTER AIRLINES INC.
754,C-GLQF,L2T,PORTER AIRLINES INC.
755,C-GLQG,L2T,PORTER AIRLINES INC.
756,C-GLQH,L2T,PORTER AIRLINES INC.
757,C-GLQJ,L2T,PORTER AIRLINES INC.
758,C-GLQK,L2T,PORTER AIRLINES INC.
759,C-GLQL,L2T,PORTER AIRLINES INC.
760,C-GLQM,L2T,PORTER AIRLINES INC.
761,C-GLQN,L2T,PORTER AIRLINES INC.
762,C-GLQO,L2T,PORTER AIRLINES INC.
763,C-GLQP,L2T,PORTER AIRLINES INC.
764,C-GLQQ,L2T,PORTER AIRLINES INC.
765,C-GLQR,L2T,PORTER AIRLINES INC.
766,C-GLQV,L2T,PORTER AIRLINES INC.
767,C-GLQX,L2T,PORTER AIRLINES INC.
768,C-GLQZ,L2T,PORTER AIRLINES INC.
769,C-GLRN,L2J,SUNWING AIRLINES INC.
770,C-GLRP,L2J,SKYSERVICE BUSINESS AVIATION INC./SKYSERVICE AVIATION D'AFFAIRES INC.
771,C-GLWJ,L2T,WESTJET ENCORE LTD.
772,C-GLXC,L3J,OTHERS
773,C-GLZR,L2P,OTHERS
774,C-GMAI,L2J,OTHERS
775,C-GMCP,L2J,SKYSERVICE BUSINESS AVIATION INC./SKYSERVICE AVIATION D'AFFAIRES INC.
776,C-GMEX,L2J,AIR CANADA
777,C-GMGC,H1T,OTHERS
778,C-GMGX,L3J,OTHERS
779,C-GMIQ,L2J,AIR CANADA
780,C-GMIU,L2J,AIR CANADA
781,C-GMIW,L2J,AIR CANADA
782,C-GMJA,L2J,JAZZ AVIATION LP
783,C-GMKT,H1T,OTHERS
784,C-GMMF,L1T,OTHERS
785,C-GMNL,L2T,OTHERS
786,C-GMPB,L1T,OTHERS
787,C-GMPM,L1T,OTHERS
788,C-GMPO,L1T,OTHERS
789,C-GMPQ,L1T,OTHERS
790,C-GMRO,L2J,OTHERS
791,C-GMTI,L2J,OTHERS
792,C-GMTZ,H1T,OTHERS
793,C-GMWJ,L2J,WESTJET
794,C-GMXB,L2J,SUNWING AIRLINES INC.
795,C-GMXD,L2J,OTHERS
796,C-GMZR,L2J,AIR CANADA
797,C-GNAM,L2T,OTHERS
798,C-GNAP,L2P,OTHERS
799,C-GNBB,L2T,OTHERS
800,C-GNBE,L2J,AIR CANADA
801,C-GNCB,L2J,OTHERS
802,C-GNCH,L2J,SUNWING AIRLINES INC.
803,C-GNDO,L2T,OTHERS
804,C-GNDR,L2T,OTHERS
805,C-GNFZ,L2T,OTHERS
806,C-GNGI,L2T,OTHERS
807,C-GNJA,L2J,AIR GEORGIAN LIMITED
808,C-GNJZ,L2J,JAZZ AVIATION LP
809,C-GNLG,H1T,OTHERS
810,C-GNLK,L2J,OTHERS
811,C-GNLN,L2J,OTHERS
812,C-GNLQ,L2J,OTHERS
813,C-GNLW,L2J,OTHERS
814,C-GNRD,L2J,OTHERS
815,C-GNSC,L2T,OTHERS
816,C-GNUD,L1P,OTHERS
817,C-GNVC,L2J,OTHERS
818,C-GOAI,L2J,AVIATION STARLINK INC.
819,C-GOCH,L1P,OTHERS
820,C-GOCJ,L2J,OTHERS
821,C-GODE,L1T,OTHERS
822,C-GODG,H2T,OTHERS
823,C-GODH,L1T,OTHERS
824,C-GOFW,L2J,OTHERS
825,C-GOHI,L1T,AVIATION STARLINK INC.
826,C-GOIH,L2J,AIR TRANSAT
827,C-GOJA,L2J,AIR GEORGIAN LIMITED
828,C-GOJC,L2J,OTHERS
829,C-GOJZ,L2J,JAZZ AVIATION LP
830,C-GOKI,L2T,SKYSERVICE BUSINESS AVIATION INC./SKYSERVICE AVIATION D'AFFAIRES INC.
831,C-GONJ,L2T,JAZZ AVIATION LP
832,C-GOPE,L1P,OTHERS
833,C-GOPW,L2J,OTHERS
834,C-GORC,L2T,AIR GEORGIAN LIMITED
835,C-GORF,L2T,AIR GEORGIAN LIMITED
836,C-GORN,L2T,AIR GEORGIAN LIMITED
837,C-GOSO,L2J,OTHERS
838,C-GOWG,L2J,SUNWING AIRLINES INC.
839,C-GOWO,L2J,OTHERS
840,C-GOWQ,L2J,OTHERS
841,C-GOXB,L2J,OTHERS
842,C-GOXD,L2J,OTHERS
843,C-GOXG,L2J,OTHERS
844,C-GOXN,L2J,OTHERS
845,C-GOXW,L2J,OTHERS
846,C-GOYD,L2J,OTHERS
847,C-GOYO,L2J,OTHERS
848,C-GPAR,L2T,OTHERS
849,C-GPAU,L2T,OTHERS
850,C-GPAW,L2J,OTHERS
851,C-GPDB,L2J,OTHERS
852,C-GPDC,L2T,OTHERS
853,C-GPDQ,L2J,OTHERS
854,C-GPJZ,L2J,JAZZ AVIATION LP
855,C-GPLI,H1T,OTHERS
856,C-GPSQ,L1T,OTHERS
857,C-GPTS,L2J,AIR TRANSAT
858,C-GPWE,L2T,WESTJET ENCORE LTD.
859,C-GPWG,L2J,AIR CANADA
860,C-GPWL,H1T,OTHERS
861,C-GQBT,L2T,OTHERS
862,C-GQCC,L2J,OTHERS
863,C-GQJA,L2J,JAZZ AVIATION LP
864,C-GQPM,L2J,OTHERS
865,C-GQTA,L2J,OTHERS
866,C-GQWJ,L2J,WESTJET
867,C-GRAG,L2J,WESTJET
868,C-GRAI,L2T,OTHERS
869,C-GRAX,L2J,WESTJET
870,C-GRBA,L2J,SKYSERVICE BUSINESS AVIATION INC./SKYSERVICE AVIATION D'AFFAIRES INC.
871,C-GRBL,L1P,OTHERS
872,C-GRCC,L2J,SKYSERVICE BUSINESS AVIATION INC./SKYSERVICE AVIATION D'AFFAIRES INC.
873,C-GRCY,L2J,OTHERS
874,C-GRGF,L2T,OTHERS
875,C-GRGK,L2T,OTHERS
876,C-GRGM,L3J,OTHERS
877,C-GRJZ,L2T,OTHERS
878,C-GROG,L2J,AVIATION STARLINK INC.
879,C-GRSV,H1T,OTHERS
880,C-GRTB,L2J,WESTJET
881,C-GRWS,L2J,WESTJET
882,C-GSAG,L1T,OTHERS
883,C-GSAP,L2J,OTHERS
884,C-GSAT,L2J,AIR TRANSAT
885,C-GSCW,L1P,OTHERS
886,C-GSGH,H1T,OTHERS
887,C-GSGJ,L1T,OTHERS
888,C-GSGL,L1T,OTHERS
889,C-GSGZ,L1T,OTHERS
890,C-GSJB,L2J,AIR CANADA
891,C-GSJK,L2J,OTHERS
892,C-GSJV,L2J,OTHERS
893,C-GSJZ,L2T,JAZZ AVIATION LP
894,C-GSKA,L2T,OTHERS
895,C-GSKG,L2T,OTHERS
896,C-GSMR,L2J,SKYSERVICE BUSINESS AVIATION INC./SKYSERVICE AVIATION D'AFFAIRES INC.
897,C-GSNE,H1T,OTHERS
898,C-GSNG,L1T,OTHERS
899,C-GSOA,H1T,OTHERS
900,C-GSOC,L2J,OTHERS
901,C-GSOE,L2J,OTHERS
902,C-GSPE,H1P,OTHERS
903,C-GSPW,L2J,OTHERS
904,C-GSPZ,H1T,OTHERS
905,C-GSUI,L4J,OTHERS
906,C-GSUN,L2J,OTHERS
907,C-GSWJ,L2J,WESTJET
908,C-GSWQ,L2J,OTHERS
909,C-GSXC,L2J,OTHERS
910,C-GSXJ,L2J,OTHERS
911,C-GSYC,L2T,OTHERS
912,C-GSZM,H1T,OTHERS
913,C-GTAM,H1T,OTHERS
914,C-GTBM,L1T,OTHERS
915,C-GTCJ,L2J,CARGOJET AIRWAYS LTD.
916,C-GTCO,L2T,OTHERS
917,C-GTCP,H1T,OTHERS
918,C-GTCV,H1T,OTHERS
919,C-GTED,L1T,OTHERS
920,C-GTEV,L2T,OTHERS
921,C-GTFF,L4J,OTHERS
922,C-GTGV,L2T,OTHERS
923,C-GTHM,H1P,OTHERS
924,C-GTJA,L2J,AIR GEORGIAN LIMITED
925,C-GTLP,L2J,OTHERS
926,C-GTOG,L2J,OTHERS
927,C-GTOL,L2J,OTHERS
928,C-GTOR,L2J,OTHERS
929,C-GTQS,H1P,OTHERS
930,C-GTSD,L2J,AIR TRANSAT
931,C-GTSJ,L2J,AIR TRANSAT
932,C-GTSR,L2J,AIR TRANSAT
933,C-GTSZ,L2J,AIR TRANSAT
934,C-GTUF,L2J,OTHERS
935,C-GTUK,L2J,OTHERS
936,C-GTVO,L2J,OTHERS
937,C-GTWE,L2T,WESTJET ENCORE LTD.
938,C-GUAC,L2J,OTHERS
939,C-GUAI,L2T,OTHERS
940,C-GUAJ,L2J,CARGOJET AIRWAYS LTD.
941,C-GUBC,L2J,AIR TRANSAT
942,C-GUBD,L2J,AIR TRANSAT
943,C-GUFR,L2J,AIR TRANSAT
944,C-GUGQ,L1T,OTHERS
945,C-GUGS,L2J,OTHERS
946,C-GUGV,L2J,OTHERS
947,C-GUGY,L2J,OTHERS
948,C-GUHA,L2J,OTHERS
949,C-GUJA,L2J,JAZZ AVIATION LP
950,C-GUJZ,L2T,JAZZ AVIATION LP
951,C-GUND,L2T,OTHERS
952,C-GUPL,L2J,AIR CANADA
953,C-GUPW,L2T,OTHERS
954,C-GURM,L2T,OTHERS
955,C-GUSM,L2J,OTHERS
956,C-GUTO,L2J,OTHERS
957,C-GUWJ,L2J,WESTJET
958,C-GUXB,H1P,OTHERS
959,C-GUXF,L2T,OTHERS
960,C-GUYM,L1P,OTHERS
961,C-GVAM,H2T,OTHERS
962,C-GVCN,H2T,OTHERS
963,C-GVCQ,L2J,OTHERS
964,C-GVDG,L1T,OTHERS
965,C-GVEN,L2T,WESTJET ENCORE LTD.
966,C-GVFX,L2J,OTHERS
967,C-GVGA,L2T,AIR GEORGIAN LIMITED
968,C-GVIJ,L2J,CARGOJET AIRWAYS LTD.
969,C-GVJV,L2J,OTHERS
970,C-GVJZ,L2T,JAZZ AVIATION LP
971,C-GVPA,L2T,OTHERS
972,C-GVUH ,L2J,AIR CANADA
973,C-GVVZ,L2J,OTHERS
974,C-GVWA,L2J,WESTJET
975,C-GVWE,L2T,WESTJET ENCORE LTD.
976,C-GVWJ,L2J,WESTJET
977,C-GVZB,L1P,OTHERS
978,C-GWAZ,L2J,WESTJET
979,C-GWBF,L2J,WESTJET
980,C-GWBJ,L2J,WESTJET
981,C-GWBL,L2J,WESTJET
982,C-GWBN,L2J,WESTJET
983,C-GWBT,L2J,WESTJET
984,C-GWBU,L2J,WESTJET
985,C-GWBX,L2J,WESTJET
986,C-GWCM,L2J,WESTJET
987,C-GWCN,L2J,WESTJET
988,C-GWEF,L2T,WESTJET ENCORE LTD.
989,C-GWEG,L2T,WESTJET ENCORE LTD.
990,C-GWEN,L2T,WESTJET ENCORE LTD.
991,C-GWEO,L2T,WESTJET ENCORE LTD.
992,C-GWEP,L2T,WESTJET ENCORE LTD.
993,C-GWEQ,L2T,WESTJET ENCORE LTD.
994,C-GWEU,L2T,WESTJET ENCORE LTD.
995,C-GWFE,L2T,WESTJET ENCORE LTD.
996,C-GWFG,L2J,OTHERS
997,C-GWGI,L2T,OTHERS
998,C-GWGZ,L2J,OTHERS
999,C-GWJF,L2J,WESTJET
1000,C-GWJG,L2J,WESTJET
1001,C-GWJK,L2T,WESTJET ENCORE LTD.
1002,C-GWJO,L2J,WESTJET
1003,C-GWJT,L2J,WESTJET
1004,C-GWMF,L1T,OTHERS
1005,C-GWPB,L1P,OTHERS
1006,C-GWRG,L2J,WESTJET
1007,C-GWSA,L2J,WESTJET
1008,C-GWSN,L2J,WESTJET
1009,C-GWSO,L2J,WESTJET
1010,C-GWSP,L2J,WESTJET
1011,C-GWSQ,L2J,WESTJET
1012,C-GWSR,L2J,WESTJET
1013,C-GWSV,L2J,WESTJET
1014,C-GWSX,L2J,WESTJET
1015,C-GWSZ,L2J,WESTJET
1016,C-GWUE,L2T,WESTJET ENCORE LTD.
1017,C-GWUX,L2J,WESTJET
1018,C-GWWJ,L2J,WESTJET
1019,C-GWWU,L2J,OTHERS
1020,C-GWWW,L2J,OTHERS
1021,C-GXAI,L2T,OTHERS
1022,C-GXAX,L2J,WESTJET
1023,C-GXCA,L2T,OTHERS
1024,C-GXII,L1T,OTHERS
1025,C-GXJA,L2J,AIR GEORGIAN LIMITED
1026,C-GXJS,L1T,OTHERS
1027,C-GXJZ,L2T,JAZZ AVIATION LP
1028,C-GXNR,L2J,OTHERS
1029,C-GYAJ,L2J,CARGOJET AIRWAYS LTD.
1030,C-GYCV,L2T,OTHERS
1031,C-GYGT,L2T,OTHERS
1032,C-GYGZ,L1P,OTHERS
1033,C-GYJB,A2P,OTHERS
1034,C-GYJZ,L2T,JAZZ AVIATION LP
1035,C-GYMC,L2J,OTHERS
1036,C-GYPA,L2T,OTHERS
1037,C-GYRI,H1T,OTHERS
1038,C-GYSC,L2T,OTHERS
1039,C-GYWJ,L2J,WESTJET
1040,C-GYYR,H1T,OTHERS
1041,C-GZAS,L2J,AIRSPRINT INC.
1042,C-GZCZ,L2J,OTHERS
1043,C-GZGA,L2T,AIR GEORGIAN LIMITED
1044,C-GZJA,L2J,AIR GEORGIAN LIMITED
1045,C-GZJC,L2T,OTHERS
1046,C-GZOX,L2J,OTHERS
1047,C-GZSG,L2J,WESTJET
1048,C-GZSN,L2P,OTHERS
1049,C-GZWS,L2J,WESTJET
1050,CC-ARP,L2T,OTHERS
1051,CN-RGB,L2J,OTHERS
1052,CN-RGC,L2J,OTHERS
1053,CN-RGY,L2J,OTHERS
1054,CN-RGZ,L2J,OTHERS
1055,CS-TSH,L2J,OTHERS
1056,D-ABYH,L4J,OTHERS
1057,D-AGBB,L3J,OTHERS
1058,D-AIFC,L4J,OTHERS
1059,D-AIFD,L4J,OTHERS
1060,D-AIFE,L4J,OTHERS
1061,D-AIGL,L4J,OTHERS
1062,D-AIGM,L4J,OTHERS
1063,D-AIGN,L4J,OTHERS
1064,D-AIGO,L4J,OTHERS
1065,D-AIGP,L4J,OTHERS
1066,D-AIGS,L4J,OTHERS
1067,D-AIGT,L4J,OTHERS
1068,D-AIGU,L4J,OTHERS
1069,D-AIGV,L4J,OTHERS
1070,D-AIGW,L4J,OTHERS
1071,D-AIGX,L4J,OTHERS
1072,D-AIGY,L4J,OTHERS
1073,D-AIGZ,L4J,OTHERS
1074,D-AIKE,L2J,OTHERS
1075,D-AIKF,L2J,OTHERS
1076,D-AIKG,L2J,OTHERS
1077,D-AIKI,L2J,OTHERS
1078,D-AIKK,L2J,OTHERS
1079,D-AIKL,L2J,OTHERS
1080,D-AIKM,L2J,OTHERS
1081,D-AIKN,L2J,OTHERS
1082,D-AIKO,L2J,OTHERS
1083,D-AIKP,L2J,OTHERS
1084,D-AIKQ,L2J,OTHERS
1085,D-AIKR,L2J,OTHERS
1086,D-AIKS,L2J,OTHERS
1087,D-AIVC,L2J,OTHERS
1088,D-AIXA,L2J,OTHERS
1089,D-AIXB,L2J,OTHERS
1090,D-AIXC,L2J,OTHERS
1091,D-AIXD,L2J,OTHERS
1092,D-AIXE,L2J,OTHERS
1093,D-AIXF,L2J,OTHERS
1094,D-AIXG,L2J,OTHERS
1095,D-AIXH,L2J,OTHERS
1096,D-AIXI,L2J,OTHERS
1097,D-AIXJ,L2J,OTHERS
1098,D-AIXK,L2J,OTHERS
1099,D-AIXL,L2J,OTHERS
1100,D-AIXM,L2J,OTHERS
1101,D-AIXN,L2J,OTHERS
1102,D-AIXO,L2J,OTHERS
1103,D-AIXP,L2J,OTHERS
1104,D-AIXQ,L2J,OTHERS
1105,D-ANXA,L2J,OTHERS
1106,D-BAHB,L2J,OTHERS
1107,D-CSOS,L2J,OTHERS
1108,D-ELAO,L1T,OTHERS
1109,D-EXTA,L1T,OTHERS
1110,D-EYCD,L1P,OTHERS
1111,D-GABT,L2P,OTHERS
1112,D-ICHG,L2T,OTHERS
1113,D-INFO,L2T,OTHERS
1114,EC-LEB,L2J,OTHERS
1115,F-GKXT,L2J,AIR FRANCE
1116,F-GSPK,L2J,AIR FRANCE
1117,F-GSPL,L2J,AIR FRANCE
1118,F-GSPM,L2J,AIR FRANCE
1119,F-GSPO,L2J,AIR FRANCE
1120,F-GSPP,L2J,AIR FRANCE
1121,F-GSPQ,L2J,AIR FRANCE
1122,F-GSPU,L2J,AIR FRANCE
1123,F-GSPX,L2J,AIR FRANCE
1124,F-GSPZ,L2J,AIR FRANCE
1125,F-GSQD,L2J,AIR FRANCE
1126,F-GSQE,L2J,AIR FRANCE
1127,F-GSQG,L2J,AIR FRANCE
1128,F-GSQN,L2J,AIR FRANCE
1129,F-GSQO,L2J,AIR FRANCE
1130,F-GSQP,L2J,AIR FRANCE
1131,F-GSQR,L2J,AIR FRANCE
1132,F-GSQS,L2J,AIR FRANCE
1133,F-GSQT,L2J,AIR FRANCE
1134,F-GSQX,L2J,AIR FRANCE
1135,F-GSQY,L2J,AIR FRANCE
1136,F-GVMA,L2J,OTHERS
1137,F-GZCB,L2J,AIR FRANCE
1138,F-GZCF,L2J,AIR FRANCE
1139,F-GZCI,L2J,AIR FRANCE
1140,F-GZCK,L2J,AIR FRANCE
1141,F-GZCM,L2J,AIR FRANCE
1142,F-GZNE,L2J,AIR FRANCE
1143,F-GZNF,L2J,AIR FRANCE
1144,F-GZNG,L2J,AIR FRANCE
1145,F-GZNH,L2J,AIR FRANCE
1146,F-GZNI,L2J,AIR FRANCE
1147,F-GZNJ,L2J,AIR FRANCE
1148,F-GZNK,L2J,AIR FRANCE
1149,F-GZNL,L2J,AIR FRANCE
1150,F-GZNN,L2J,AIR FRANCE
1151,F-GZNO,L2J,AIR FRANCE
1152,F-GZNP,L2J,AIR FRANCE
1153,F-GZNR,L2J,AIR FRANCE
1154,F-GZNS,L2J,AIR FRANCE
1155,F-GZNT,L2J,AIR FRANCE
1156,F-GZNU,L2J,AIR FRANCE
1157,F-HECD,L3J,OTHERS
1158,F-HJAZ,L2J,OTHERS
1159,F-HJLP,L2J,OTHERS
1160,F-HMED,L2J,OTHERS
1161,F-HRBD,L2J,AIR FRANCE
1162,F-HRBE,L2J,AIR FRANCE
1163,F-HRBH,L2J,AIR FRANCE
1164,F-HSKY,L2J,OTHERS
1165,F-HTYB,L2J,AIR FRANCE
1166,F-HTYC,L2J,AIR FRANCE
1167,F-HTYD,L2J,AIR FRANCE
1168,F-HTYE,L2J,AIR FRANCE
1169,F-HTYF,L2J,AIR FRANCE
1170,F-HTYG,L2J,AIR FRANCE
1171,F-HTYH,L2J,AIR FRANCE
1172,F-HTYI,L2J,AIR FRANCE
1173,F-HTYJ,L2J,AIR FRANCE
1174,F-HTYK,L2J,AIR FRANCE
1175,F-HTYO ,L2J,AIR FRANCE
1176,F-HTYP,L2J,AIR FRANCE
1177,F-HTYQ,L2J,AIR FRANCE
1178,F-HZEN,L2J,OTHERS
1179,F-HZUG,L2J,AIR FRANCE
1180,F-HZUH,L2J,AIR FRANCE
1181,F-HZUI,L2J,AIR FRANCE
1182,F-ORLB ,L2T,OTHERS
1183,F-RAFP,L3J,OTHERS
1184,G-MATO,L3J,OTHERS
1185,G-SMHA,FA7X,OTHERS
1186,G-TUIC,L2J,OTHERS
1187,G-ZBJA,L2J,OTHERS
1188,G-ZBJB,L2J,OTHERS
1189,G-ZBJC,L2J,OTHERS
1190,G-ZBJD,L2J,OTHERS
1191,G-ZBJE,L2J,OTHERS
1192,G-ZBJF,L2J,OTHERS
1193,G-ZBJG,L2J,OTHERS
1194,G-ZBJH,L2J,OTHERS
1195,G-ZBJI,L2J,OTHERS
1196,G-ZBKA,L2J,OTHERS
1197,G-ZBKD,L2J,OTHERS
1198,G-ZBKE,L2J,OTHERS
1199,G-ZBKH,L2J,OTHERS
1200,G-ZBKI,L2J,OTHERS
1201,G-ZBKJ,L2J,OTHERS
1202,G-ZBKK,L2J,OTHERS
1203,G-ZBKL,L2J,OTHERS
1204,G-ZBKM,L2J,OTHERS
1205,G-ZBKN,L2J,OTHERS
1206,G-ZBKO,L2J,OTHERS
1207,G-ZBKP,L2J,OTHERS
1208,G-ZBKS,L2J,OTHERS
1209,HB-IBJ,L2J,OTHERS
1210,HB-JCU ,L2J,OTHERS
1211,HB-JHD,L2J,OTHERS
1212,HB-JHE,L2J,OTHERS
1213,HB-JHF,L2J,OTHERS
1214,HB-JHG,L2J,OTHERS
1215,HB-JHI,L2J,OTHERS
1216,HB-JHJ,L2J,OTHERS
1217,HB-JHK,L2J,OTHERS
1218,HB-JHL,L2J,OTHERS
1219,HB-JHM,L2J,OTHERS
1220,HB-JHN,L2J,OTHERS
1221,HB-JMA,L4J,OTHERS
1222,HB-JMB,L4J,OTHERS
1223,HB-JMH,L4J,OTHERS
1224,HB-JMI,L4J,OTHERS
1225,HB-JOB,L3J,OTHERS
1226,HB-JWC,L2J,OTHERS
1227,HB-YLL,L1P,OTHERS
1228,HI1001,L2J,OTHERS
1229,HI1005,L2J,OTHERS
1230,HI1055,L2J,OTHERS
1231,HI1065,L2J,OTHERS
1232,HI915,L2J,OTHERS
1233,HP-1526CMP,L2J,OTHERS
1234,HP-1712CMP,L2J,OTHERS
1235,HP-1720CMP,L2J,OTHERS
1236,HP-1721CMP,L2J,OTHERS
1237,HP-1724CMP,L2J,OTHERS
1238,HP-1725CMP,L2J,OTHERS
1239,HP-1726CMP,L2J,OTHERS
1240,HP-1727CMP,L2J,OTHERS
1241,HP-1728CMP,L2J,OTHERS
1242,HP-1729CMP,L2J,OTHERS
1243,HP-1730CMP,L2J,OTHERS
1244,HP-1821CMP,L2J,OTHERS
1245,HP-1822CMP,L2J,OTHERS
1246,HP-1823CMP,L2J,OTHERS
1247,HP-1824CMP,L2J,OTHERS
1248,HP-1825CMP,L2J,OTHERS
1249,HP-1826CMP,L2J,OTHERS
1250,HP-1827CMP,L2J,OTHERS
1251,HP-1828CMP,L2J,OTHERS
1252,HP-1829CMP,L2J,OTHERS
1253,HP-1830CMP,L2J,OTHERS
1254,HP-1831CMP,L2J,OTHERS
1255,HP-1832CMP,L2J,OTHERS
1256,HP-1833CMP,L2J,OTHERS
1257,HP-1834CMP,L2J,OTHERS
1258,HP-1835CMP,L2J,OTHERS
1259,HP-1836CMP,L2J,OTHERS
1260,HP-1837CMP,L2J,OTHERS
1261,HP-1838CMP,L2J,OTHERS
1262,HP-1839CMP,L2J,OTHERS
1263,HP-1840CMP,L2J,OTHERS
1264,HP-1841CMP,L2J,OTHERS
1265,HP-1842CMP,L2J,OTHERS
1266,HP-1843CMP,L2J,OTHERS
1267,HP-1844CMP,L2J,OTHERS
1268,HP-1845CMP,L2J,OTHERS
1269,HP-1846CMP,L2J,OTHERS
1270,HP-1847CMP,L2J,OTHERS
1271,HP-1848CMP,L2J,OTHERS
1272,HP-1849CMP,L2J,OTHERS
1273,HP-1851CMP,L2J,OTHERS
1274,HP-1853CMP,L2J,OTHERS
1275,JY-BAA,L2J,OTHERS
1276,JY-BAB,L2J,OTHERS
1277,JY-BAC,L2J,OTHERS
1278,JY-BAE,L2J,OTHERS
1279,JY-BAF,L2J,OTHERS
1280,JY-BAG,L2J,OTHERS
1281,JY-BAH,L2J,OTHERS
1282,LX-EBO,FA8X,OTHERS
1283,LX-JCV,L4J,OTHERS
1284,LX-VCJ,L4J,OTHERS
1285,M-ANGO,L2J,OTHERS
1286,M-YFLY,L1T,OTHERS
1287,N1,L2J,OTHERS
1288,N100FN,L2J,OTHERS
1289,N101CG,L1T,OTHERS
1290,N101HQ,L2J,REPUBLIC AIRWAYS INC
1291,N101UD,L2J,OTHERS
1292,N102HQ,L2J,REPUBLIC AIRWAYS INC
1293,N102LJ,L2J,OTHERS
1294,N103HQ,L2J,REPUBLIC AIRWAYS INC
1295,N103SY,L2J,OTHERS
1296,N1040,L2J,OTHERS
1297,N1058N,L1T,OTHERS
1298,N105AD,L2J,OTHERS
1299,N105HQ,L2J,REPUBLIC AIRWAYS INC
1300,N105JS,L2J,BANK OF UTAH TRUSTEE
1301,N106HQ,L2J,OTHERS
1302,N107HQ,L2J,REPUBLIC AIRWAYS INC
1303,N1086F,L1T,OTHERS
1304,N108HQ,L2J,REPUBLIC AIRWAYS INC
1305,N109JS,L2J,BANK OF UTAH TRUSTEE
1306,N109QS,L2J,OTHERS
1307,N109UW,L2J,AMERICAN AIRLINES INC
1308,N10EF,L2J,OTHERS
1309,N10JM,L2J,OTHERS
1310,N10SE,L2J,OTHERS
1311,N110HQ,L2J,OTHERS
1312,N110JS,L2J,BANK OF UTAH TRUSTEE
1313,N110WA,L1P,OTHERS
1314,N110WS,L2J,OTHERS
1315,N1116W,L1T,OTHERS
1316,N11191,L2J,OTHERS
1317,N111HQ,L2J,OTHERS
1318,N111NY,L1T,OTHERS
1319,N111QS,L2J,OTHERS
1320,N111RF,L1T,OTHERS
1321,N111US,L2J,AMERICAN AIRLINES INC
1322,N1127M,L2J,OTHERS
1323,N1128M,L2J,OTHERS
1324,N112AF,L1T,OTHERS
1325,N112HQ,L2J,REPUBLIC AIRWAYS INC
1326,N113HQ,L2J,REPUBLIC AIRWAYS INC
1327,N114BD,L2J,OTHERS
1328,N114HQ,L2J,REPUBLIC AIRWAYS INC
1329,N115HQ,L2J,REPUBLIC AIRWAYS INC
1330,N115JJ,L2J,OTHERS
1331,N115QS,L2J,OTHERS
1332,N116HQ,L2J,REPUBLIC AIRWAYS INC
1333,N116QS,L2J,OTHERS
1334,N117HH,L2J,OTHERS
1335,N117HQ,L2J,REPUBLIC AIRWAYS INC
1336,N117PW,L1T,OTHERS
1337,N117SY,L2J,OTHERS
1338,N117TF,L2J,OTHERS
1339,N117UW,L2J,BANK OF UTAH TRUSTEE
1340,N118AD,L2J,OTHERS
1341,N118HQ,L2J,REPUBLIC AIRWAYS INC
1342,N118US,L2J,BANK OF UTAH TRUSTEE
1343,N119HQ,L2J,REPUBLIC AIRWAYS INC
1344,N119UT,L1T,OTHERS
1345,N12028,L2J,AMERICAN AIRLINES INC
1346,N120HF,L2J,OTHERS
1347,N120HQ,L2J,REPUBLIC AIRWAYS INC
1348,N120JP,L2J,OTHERS
1349,N120PE,L1T,OTHERS
1350,N120UP,L2J,OTHERS
1351,N12175,L2J,OTHERS
1352,N12195,L2J,OTHERS
1353,N121HQ,L2J,REPUBLIC AIRWAYS INC
1354,N121RS,L2J,OTHERS
1355,N121UP,L2J,OTHERS
1356,N122HQ,L2J,REPUBLIC AIRWAYS INC
1357,N122SY,L2J,OTHERS
1358,N122UP,L2J,OTHERS
1359,N122VR,L2J,OTHERS
1360,N123CJ,L2J,OTHERS
1361,N123ED,L2J,OTHERS
1362,N123HQ,L2J,REPUBLIC AIRWAYS INC
1363,N123KH,L2J,OTHERS
1364,N124AM,H1T,OTHERS
1365,N124HQ,L2J,REPUBLIC AIRWAYS INC
1366,N124UP,L2J,OTHERS
1367,N125GA,L2J,OTHERS
1368,N125HQ,L2J,REPUBLIC AIRWAYS INC
1369,N125SY,L2J,OTHERS
1370,N125UP,L2J,OTHERS
1371,N126HQ,L2J,REPUBLIC AIRWAYS INC
1372,N126UP,L2J,OTHERS
1373,N127HQ,L2J,REPUBLIC AIRWAYS INC
1374,N127SY,L2J,OTHERS
1375,N127UP,L2J,OTHERS
1376,N127UW,L2J,AMERICAN AIRLINES INC
1377,N128HQ,L2J,REPUBLIC AIRWAYS INC
1378,N128UP,L2J,OTHERS
1379,N129HQ,L2J,REPUBLIC AIRWAYS INC
1380,N129UP,L2J,OTHERS
1381,N12AR,L1T,OTHERS
1382,N130HQ,L2J,REPUBLIC AIRWAYS INC
1383,N130SY,L2J,OTHERS
1384,N130UP,L2J,OTHERS
1385,N131BV,L2J,OTHERS
1386,N131EV,L2J,DELTA AIR LINES
1387,N131HQ,L2J,REPUBLIC AIRWAYS INC
1388,N131UP,L2J,OTHERS
1389,N132EV,L2J,DELTA AIR LINES
1390,N132HQ,L2J,REPUBLIC AIRWAYS INC
1391,N133EV,L2J,OTHERS
1392,N133HQ,L2J,OTHERS
1393,N133UP,L2J,OTHERS
1394,N1340M,L1P,OTHERS
1395,N134EV,L2J,OTHERS
1396,N134UP,L2J,OTHERS
1397,N135EV,L2J,DELTA AIR LINES
1398,N135HQ,L2J,REPUBLIC AIRWAYS INC
1399,N135UP,L2J,OTHERS
1400,N136EV,L2J,DELTA AIR LINES
1401,N136HQ,L2J,REPUBLIC AIRWAYS INC
1402,N136UP,L2J,OTHERS
1403,N137EV,L2J,OTHERS
1404,N137JR,L2T,OTHERS
1405,N137UP,L2J,OTHERS
1406,N137WB,L1P,OTHERS
1407,N138EV,L2J,DELTA AIR LINES
1408,N138HQ,L2J,REPUBLIC AIRWAYS INC
1409,N138HW,L2J,OTHERS
1410,N138UP,L2J,OTHERS
1411,N139UP,L2J,OTHERS
1412,N140UP,L2J,OTHERS
1413,N141UP,L2J,OTHERS
1414,N142UP,L2J,OTHERS
1415,N143UP,L2J,OTHERS
1416,N144PK,L2J,OTHERS
1417,N144UP,L2J,OTHERS
1418,N145CM,L2J,OTHERS
1419,N145UP,L2J,OTHERS
1420,N146BG,L2J,OTHERS
1421,N146PQ,L2J,OTHERS
1422,N146UP,L2J,OTHERS
1423,N147PQ,L2J,OTHERS
1424,N147UP,L2J,OTHERS
1425,N149UP,L2J,OTHERS
1426,N14HG,L2T,OTHERS
1427,N150GA,L2J,OTHERS
1428,N150GV,L2J,OTHERS
1429,N150UP,L2J,OTHERS
1430,N151GG,L2T,OTHERS
1431,N151QS,L2J,OTHERS
1432,N151UP,L2J,OTHERS
1433,N152UP,L2J,OTHERS
1434,N152UW,L2J,AMERICAN AIRLINES INC
1435,N153PQ,L2J,OTHERS
1436,N153UP,L2J,OTHERS
1437,N154EA,L2J,BANK OF UTAH TRUSTEE
1438,N154G,L2J,OTHERS
1439,N156RK,L2J,OTHERS
1440,N156SB,L1T,OTHERS
1441,N156UP,L2J,OTHERS
1442,N157UP,L2J,OTHERS
1443,N158TW,L2J,OTHERS
1444,N158UP,L2J,OTHERS
1445,N159UP,L2J,OTHERS
1446,N15CF,L2J,OTHERS
1447,N160GG,L2J,OTHERS
1448,N160UP,L2J,OTHERS
1449,N161PL,L2J,OTHERS
1450,N161PQ,L2J,OTHERS
1451,N161UP,L2J,OTHERS
1452,N162UP,L2J,OTHERS
1453,N163CK,L2J,OTHERS
1454,N163SY,L2J,OTHERS
1455,N163UP,L2J,OTHERS
1456,N164RA,L2J,OTHERS
1457,N164UP,L2J,OTHERS
1458,N165UP,L2J,OTHERS
1459,N166PQ,L2J,OTHERS
1460,N166SY,L2J,OTHERS
1461,N166UP,L2J,OTHERS
1462,N166WT,L2T,OTHERS
1463,N167UP,L2J,OTHERS
1464,N168UP,L2J,OTHERS
1465,N169LG,L2P,OTHERS
1466,N169UP,L2J,OTHERS
1467,N16HG,L2T,OTHERS
1468,N170AP,L2J,OTHERS
1469,N170PQ,L2J,OTHERS
1470,N170UP,L2J,OTHERS
1471,N171JC,L2J,OTHERS
1472,N171UP,L2J,OTHERS
1473,N172UP,L2J,OTHERS
1474,N173UP,L2J,OTHERS
1475,N174SJ,L2J,OTHERS
1476,N174UP,L2J,OTHERS
1477,N176PQ,L2J,DELTA AIR LINES
1478,N176SM,L2J,OTHERS
1479,N178PT,L2J,OTHERS
1480,N179SA,L1T,OTHERS
1481,N181GJ,L2J,OTHERS
1482,N181PQ,L2J,DELTA AIR LINES
1483,N182GJ,L2J,OTHERS
1484,N183BX,L2J,OTHERS
1485,N183GJ,L2J,DELTA AIR LINES
1486,N184GJ,L2J,OTHERS
1487,N1850M,L2J,OTHERS
1488,N186PQ,L2J,OTHERS
1489,N187CR,L2J,OTHERS
1490,N187GJ,L2J,DELTA AIR LINES
1491,N1904W,L2J,OTHERS
1492,N190AS,L1T,OTHERS
1493,N191GH,L2J,OTHERS
1494,N1920,L2J,OTHERS
1495,N193JC,L2J,OTHERS
1496,N195PQ,L2J,OTHERS
1497,N197PQ,L2J,DELTA AIR LINES
1498,N199SC,L2J,OTHERS
1499,N1AM,L2J,OTHERS
1500,N1BB,L2J,OTHERS
1501,N1NE,L2J,BANK OF UTAH TRUSTEE
1502,N1Y,L2J,OTHERS
1503,N2,L2J,OTHERS
1504,N200FM,L2T,OTHERS
1505,N200JB,L2J,OTHERS
1506,N200MT,L2J,OTHERS
1507,N200PQ,L2J,DELTA AIR LINES
1508,N200SY,L2J,OTHERS
1509,N202NN,L2J,AMERICAN AIRLINES INC
1510,N204NN,L2J,AMERICAN AIRLINES INC
1511,N205MS,L2T,OTHERS
1512,N206NN,L2J,AMERICAN AIRLINES INC
1513,N206QS,L2J,OTHERS
1514,N207PS,L2J,OTHERS
1515,N207SY,L2J,OTHERS
1516,N208AN,L2J,AMERICAN AIRLINES INC
1517,N208QS,L2J,OTHERS
1518,N208US,L2J,OTHERS
1519,N209JP,L1T,OTHERS
1520,N211EC,L2J,OTHERS
1521,N211NN,L2J,AMERICAN AIRLINES INC
1522,N212LP,L2J,OTHERS
1523,N212NN,L2J,AMERICAN AIRLINES INC
1524,N212RG,L2J,OTHERS
1525,N213GS,L2J,OTHERS
1526,N213PC,L2J,BANK OF UTAH TRUSTEE
1527,N213SY,L2J,OTHERS
1528,N214LD,L2J,OTHERS
1529,N214RW,L2J,OTHERS
1530,N215BB,L2J,OTHERS
1531,N215NN,L2J,AMERICAN AIRLINES INC
1532,N215NV,L2J,OTHERS
1533,N217CK,L2J,OTHERS
1534,N218NV,L2J,OTHERS
1535,N21FE,L2J,OTHERS
1536,N21RA,L2J,OTHERS
1537,N220CK,L2J,OTHERS
1538,N220NV,L2J,OTHERS
1539,N222NS,L2J,AMERICAN AIRLINES INC
1540,N223JS,L2J,OTHERS
1541,N224NV,L2J,OTHERS
1542,N226NN,L2J,AMERICAN AIRLINES INC
1543,N227CK,L2J,OTHERS
1544,N227NN,L2J,AMERICAN AIRLINES INC
1545,N228NN,L2J,AMERICAN AIRLINES INC
1546,N228PQ,L2J,OTHERS
1547,N228RE,L2J,OTHERS
1548,N228Y,L2J,OTHERS
1549,N229SW,L2T,OTHERS
1550,N22HA,L1P,OTHERS
1551,N230NN,L2J,AMERICAN AIRLINES INC
1552,N230UH,L1T,OTHERS
1553,N231AN,L2J,AMERICAN AIRLINES INC
1554,N232BG,L2T,OTHERS
1555,N232CF,L2J,OTHERS
1556,N232PQ,L2J,OTHERS
1557,N234FJ,L2J,OTHERS
1558,N235EE,L2J,OTHERS
1559,N235NN,L2J,AMERICAN AIRLINES INC
1560,N235SW,L2T,OTHERS
1561,N23UC,L2J,OTHERS
1562,N241MP,L1P,OTHERS
1563,N243AF,L1T,OTHERS
1564,N243PG,L2J,OTHERS
1565,N244LJ,L2J,OTHERS
1566,N246NN,L2J,AMERICAN AIRLINES INC
1567,N246PS,L2J,OTHERS
1568,N247DR,L2J,OTHERS
1569,N247FR,L3J,OTHERS
1570,N247FS,L2J,OTHERS
1571,N247WE,L2J,OTHERS
1572,N251NN,L2J,AMERICAN AIRLINES INC
1573,N251QS,L2J,OTHERS
1574,N253NN,L2J,AMERICAN AIRLINES INC
1575,N255BB,L2T,OTHERS
1576,N259CK,L2J,OTHERS
1577,N25MB,L2J,BANK OF UTAH TRUSTEE
1578,N263TA,L2J,OTHERS
1579,N264CK,L2J,OTHERS
1580,N268NN,L2J,AMERICAN AIRLINES INC
1581,N268VT,L2J,OTHERS
1582,N26ME,L2J,OTHERS
1583,N26NJ,L2J,OTHERS
1584,N270SC,L2J,OTHERS
1585,N27190,L2J,OTHERS
1586,N272PQ,L2J,DELTA AIR LINES
1587,N273LJ,L2J,OTHERS
1588,N273LP,L2J,OTHERS
1589,N273SF,L2J,OTHERS
1590,N275LA,L2T,OTHERS
1591,N278MC,L2J,OTHERS
1592,N279PQ,L2J,DELTA AIR LINES
1593,N27HK,L2T,OTHERS
1594,N27MG,L1T,OTHERS
1595,N280LS,L2J,OTHERS
1596,N283DM,L2J,BANK OF UTAH TRUSTEE
1597,N284DH,L2J,OTHERS
1598,N285GA,L2J,OTHERS
1599,N288NN,L2J,AMERICAN AIRLINES INC
1600,N288WK,L2J,OTHERS
1601,N289AW,L2J,OTHERS
1602,N289MW,L2J,AMERICAN AIRLINES INC
1603,N28GP,L2J,OTHERS
1604,N28SP,L2J,OTHERS
1605,N2900D,L2J,OTHERS
1606,N290CK,L2J,OTHERS
1607,N292PQ,L2J,DELTA AIR LINES
1608,N293PQ,L2J,DELTA AIR LINES
1609,N294PQ,L2J,DELTA AIR LINES
1610,N295AF,L1T,OTHERS
1611,N295PQ,L2J,DELTA AIR LINES
1612,N296PQ,L2J,DELTA AIR LINES
1613,N297PQ,L2J,DELTA AIR LINES
1614,N297SW,L2T,OTHERS
1615,N298CK,L2J,OTHERS
1616,N298PQ,L2J,DELTA AIR LINES
1617,N299PQ,L2J,DELTA AIR LINES
1618,N300GD,L2T,OTHERS
1619,N300GF,L2J,OTHERS
1620,N300PQ,L2J,DELTA AIR LINES
1621,N300RC,L2J,OTHERS
1622,N300WZ,H1P,OTHERS
1623,N301AZ,L2J,OTHERS
1624,N301NV,L2J,OTHERS
1625,N301PQ,L2J,OTHERS
1626,N302AZ,L2J,OTHERS
1627,N302PQ,L2J,BANK OF UTAH TRUSTEE
1628,N302QS,L2J,OTHERS
1629,N303PQ,L2J,OTHERS
1630,N304FE,L3J,OTHERS
1631,N304GV,L2J,OTHERS
1632,N304PQ,L2J,DELTA AIR LINES
1633,N305NV,L2J,OTHERS
1634,N305PQ,L2J,OTHERS
1635,N305QS,L2J,OTHERS
1636,N305TC,L2J,OTHERS
1637,N306FE,L3J,OTHERS
1638,N306PQ,L2J,DELTA AIR LINES
1639,N307FE,L3J,OTHERS
1640,N307NV,L2J,OTHERS
1641,N307PQ,L2J,DELTA AIR LINES
1642,N308PQ,L2J,DELTA AIR LINES
1643,N308QS,L2J,OTHERS
1644,N309PQ,L2J,DELTA AIR LINES
1645,N30JE,L2J,OTHERS
1646,N30VR,L2J,OTHERS
1647,N310PQ,L2J,DELTA AIR LINES
1648,N310QS,L2J,OTHERS
1649,N311PQ,L2J,DELTA AIR LINES
1650,N312QS,L2J,OTHERS
1651,N313PQ,L2J,DELTA AIR LINES
1652,N313QS,L2J,OTHERS
1653,N314PQ,L2J,DELTA AIR LINES
1654,N314QS,L2J,OTHERS
1655,N314TW,L2J,OTHERS
1656,N314XA,L2J,OTHERS
1657,N315PQ,L2J,DELTA AIR LINES
1658,N316FE,L3J,OTHERS
1659,N316PQ,L2J,DELTA AIR LINES
1660,N317CA,L2J,DELTA AIR LINES
1661,N317ML,L2J,OTHERS
1662,N318FE,L3J,OTHERS
1663,N318QS,L2J,OTHERS
1664,N319AF,L1T,OTHERS
1665,N319FE,L3J,OTHERS
1666,N319PQ,L2J,DELTA AIR LINES
1667,N31JE,L2J,OTHERS
1668,N320PQ,L2J,DELTA AIR LINES
1669,N321MS,L2J,OTHERS
1670,N322QS,L2J,OTHERS
1671,N324PQ,L2J,DELTA AIR LINES
1672,N324QS,L2J,OTHERS
1673,N324WK,L1P,OTHERS
1674,N325ND,L2J,OTHERS
1675,N325NV,L2J,OTHERS
1676,N325PQ,L2J,DELTA AIR LINES
1677,N325QS,L2J,OTHERS
1678,N326PQ,L2J,DELTA AIR LINES
1679,N326QS,L2J,OTHERS
1680,N327JZ,L1T,OTHERS
1681,N327NV,L2J,OTHERS
1682,N327QS,L2J,OTHERS
1683,N328PF,L2J,OTHERS
1684,N328QS,L2J,OTHERS
1685,N328RP,L2J,OTHERS
1686,N329BH,L2J,OTHERS
1687,N329PQ,L2J,BANK OF UTAH TRUSTEE
1688,N32MJ,L2J,OTHERS
1689,N330PQ,L2J,DELTA AIR LINES
1690,N331CA,L2J,DELTA AIR LINES
1691,N331MP,L2T,OTHERS
1692,N331PQ,L2J,BANK OF UTAH TRUSTEE
1693,N332QS,L2J,OTHERS
1694,N335PQ,L2J,DELTA AIR LINES
1695,N33610,L2J,OTHERS
1696,N336PQ,L2J,DELTA AIR LINES
1697,N337AS,L2J,OTHERS
1698,N337NV,L2J,OTHERS
1699,N337PQ,L2J,BANK OF UTAH TRUSTEE
1700,N337QS,L2J,OTHERS
1701,N338QS,L2J,OTHERS
1702,N339HP,L2J,OTHERS
1703,N340AF,L1T,OTHERS
1704,N340CA,L2J,DELTA AIR LINES
1705,N341FX,L2J,OTHERS
1706,N341K,L2J,OTHERS
1707,N341PQ,L2J,BANK OF UTAH TRUSTEE
1708,N341QS,L2J,OTHERS
1709,N342AM,L2J,OTHERS
1710,N342QS,L2J,OTHERS
1711,N343CW,L1T,OTHERS
1712,N343EC,L2J,OTHERS
1713,N344FX,L2J,OTHERS
1714,N344QS,L2J,OTHERS
1715,N345HC,L2J,OTHERS
1716,N346AS,L2J,OTHERS
1717,N346FX,L2J,OTHERS
1718,N347QS,L2J,OTHERS
1719,N347WS,L2J,OTHERS
1720,N348FX,L2J,OTHERS
1721,N348PQ,L2J,BANK OF UTAH TRUSTEE
1722,N349FX,L2J,OTHERS
1723,N349PQ,L2J,BANK OF UTAH TRUSTEE
1724,N350VJ,L2J,OTHERS
1725,N351FX,L2J,OTHERS
1726,N351QS,L2J,OTHERS
1727,N351VJ,L2J,BANK OF UTAH TRUSTEE
1728,N352CK,L2J,OTHERS
1729,N352FX,L2J,OTHERS
1730,N352VJ,L2J,BANK OF UTAH TRUSTEE
1731,N352XR,L2J,OTHERS
1732,N353CK,L2J,OTHERS
1733,N353FX,L2J,OTHERS
1734,N353SA,L2T,BANK OF UTAH TRUSTEE
1735,N353VJ,L2J,BANK OF UTAH TRUSTEE
1736,N354FX,L2J,OTHERS
1737,N354QS,L2J,OTHERS
1738,N354VJ,L2J,BANK OF UTAH TRUSTEE
1739,N355FA,L2J,OTHERS
1740,N355FX,L2J,OTHERS
1741,N356FX,L2J,OTHERS
1742,N356VJ,L2J,BANK OF UTAH TRUSTEE
1743,N356WA,L2J,OTHERS
1744,N357FX,L2J,OTHERS
1745,N358FX,L2J,OTHERS
1746,N360FX,L2J,OTHERS
1747,N360HP,L2J,OTHERS
1748,N360JE,L2J,OTHERS
1749,N360QS,L2J,OTHERS
1750,N361FX,L2J,OTHERS
1751,N361QS,L2J,OTHERS
1752,N363QS,L2J,OTHERS
1753,N364QS,L2J,OTHERS
1754,N365FX,L2J,OTHERS
1755,N366FX,L2J,OTHERS
1756,N366QS,L2J,OTHERS
1757,N367AF,L1T,OTHERS
1758,N367CA,L2J,DELTA AIR LINES
1759,N367FX,L2J,OTHERS
1760,N367LJ,L2J,OTHERS
1761,N368AR,L2J,WELLS FARGO TRUST CO NA TRUSTEE
1762,N368CA,L2J,DELTA AIR LINES
1763,N368QS,L2J,OTHERS
1764,N369FX,L2J,OTHERS
1765,N369MN,L2J,OTHERS
1766,N369QS,L2J,OTHERS
1767,N370FX,L2J,OTHERS
1768,N370QS,L2J,OTHERS
1769,N371CA,L2J,DELTA AIR LINES
1770,N371FP,L2J,OTHERS
1771,N371QS,L2J,OTHERS
1772,N373FX,L2J,OTHERS
1773,N373QS,L2J,OTHERS
1774,N374CA,L2J,OTHERS
1775,N374FX,L2J,OTHERS
1776,N374QS,L2J,OTHERS
1777,N3751B,L2J,DELTA AIR LINES
1778,N375FX,L2J,OTHERS
1779,N375WB,L2J,OTHERS
1780,N376CA,L2J,DELTA AIR LINES
1781,N377AR,L2J,WELLS FARGO TRUST CO NA TRUSTEE
1782,N377MD,L2J,OTHERS
1783,N378QS,L2J,OTHERS
1784,N378TM,L2J,OTHERS
1785,N379QS,L2J,OTHERS
1786,N37HL,L1T,OTHERS
1787,N380CR,L2J,OTHERS
1788,N387QS,L2J,OTHERS
1789,N388QS,L2J,OTHERS
1790,N389AW,L2J,OTHERS
1791,N389QS,L2J,OTHERS
1792,N390CA,L2J,DELTA AIR LINES
1793,N390QS,L2J,OTHERS
1794,N391CA,L2J,DELTA AIR LINES
1795,N391QS,L2J,OTHERS
1796,N392QS,L2J,OTHERS
1797,N394AK,L2J,OTHERS
1798,N395QS,L2J,OTHERS
1799,N3975A,L2J,OTHERS
1800,N397QS,L2J,OTHERS
1801,N398CA,L2J,DELTA AIR LINES
1802,N398J,L1T,OTHERS
1803,N398QS,L2J,OTHERS
1804,N39FE,L2J,OTHERS
1805,N4005X,L2J,AMERICAN AIRLINES INC
1806,N400MV,L2J,OTHERS
1807,N400VP,L2J,OTHERS
1808,N401YX,L2J,REPUBLIC AIRWAYS INC
1809,N402YX,L2J,REPUBLIC AIRWAYS INC
1810,N4032T,L2J,AMERICAN AIRLINES INC
1811,N404YX,L2J,REPUBLIC AIRWAYS INC
1812,N405AW,L2J,OTHERS
1813,N405FX,L2J,OTHERS
1814,N405LA,L2J,BANK OF UTAH TRUSTEE
1815,N405YX,L2J,REPUBLIC AIRWAYS INC
1816,N406FX,L2J,OTHERS
1817,N406QX,L2T,BANK OF UTAH TRUSTEE
1818,N406UP,L2J,OTHERS
1819,N406YX,L2J,REPUBLIC AIRWAYS INC
1820,N407FX,L2J,OTHERS
1821,N407QS,L2J,OTHERS
1822,N407YX,L2J,REPUBLIC AIRWAYS INC
1823,N408AW,L2J,OTHERS
1824,N408PC,L2J,OTHERS
1825,N408YX,L2J,REPUBLIC AIRWAYS INC
1826,N409AW,L2J,OTHERS
1827,N409BG,L1T,OTHERS
1828,N409QS,L2J,OTHERS
1829,N409YX,L2J,REPUBLIC AIRWAYS INC
1830,N40FC,L2J,OTHERS
1831,N40KC,L2T,OTHERS
1832,N40MF,L2J,OTHERS
1833,N410AW,L2J,OTHERS
1834,N410FX,L2J,OTHERS
1835,N410YX,L2J,REPUBLIC AIRWAYS INC
1836,N411FX,L2J,BANK OF UTAH TRUSTEE
1837,N411YX,L2J,REPUBLIC AIRWAYS INC
1838,N411ZW,L2J,OTHERS
1839,N412AW,L2J,OTHERS
1840,N412YX,L2J,OTHERS
1841,N413AW,L2J,OTHERS
1842,N413FX,L2J,BANK OF UTAH TRUSTEE
1843,N413YX,L2J,REPUBLIC AIRWAYS INC
1844,N414DH,L2J,OTHERS
1845,N414YX,L2J,REPUBLIC AIRWAYS INC
1846,N414ZW,L2J,OTHERS
1847,N415AW,L2J,OTHERS
1848,N415YX,L2J,REPUBLIC AIRWAYS INC
1849,N416AW,L2J,OTHERS
1850,N416EL,L2J,OTHERS
1851,N416YX,L2J,REPUBLIC AIRWAYS INC
1852,N417AW,L2J,OTHERS
1853,N417TM,L2J,OTHERS
1854,N417YX,L2J,REPUBLIC AIRWAYS INC
1855,N418AW,L2J,OTHERS
1856,N418YX,L2J,REPUBLIC AIRWAYS INC
1857,N419AW,L2J,OTHERS
1858,N419YX,L2J,REPUBLIC AIRWAYS INC
1859,N41DP,L2J,OTHERS
1860,N420AW,L2J,OTHERS
1861,N420AZ,L2J,OTHERS
1862,N420YX,L2J,REPUBLIC AIRWAYS INC
1863,N421YX,L2J,REPUBLIC AIRWAYS INC
1864,N421ZW,L2J,OTHERS
1865,N422AJ,L2J,OTHERS
1866,N422CS,L2J,OTHERS
1867,N422YX,L2J,REPUBLIC AIRWAYS INC
1868,N423AW,L2J,OTHERS
1869,N423YX,L2J,REPUBLIC AIRWAYS INC
1870,N424AW,L2J,OTHERS
1871,N424JR,L2J,OTHERS
1872,N424TG,L2J,OTHERS
1873,N424YX,L2J,REPUBLIC AIRWAYS INC
1874,N425AW,L2J,OTHERS
1875,N425YX,L2J,REPUBLIC AIRWAYS INC
1876,N426AW,L2J,OTHERS
1877,N426NA,L4T,OTHERS
1878,N426YX,L2J,REPUBLIC AIRWAYS INC
1879,N427GW,L2J,OTHERS
1880,N427YX,L2J,REPUBLIC AIRWAYS INC
1881,N428AW,L2J,OTHERS
1882,N428UP,L2J,OTHERS
1883,N428YX,L2J,REPUBLIC AIRWAYS INC
1884,N429AW,L2J,OTHERS
1885,N429YX,L2J,REPUBLIC AIRWAYS INC
1886,N42AL,L2J,OTHERS
1887,N42GJ,L2J,OTHERS
1888,N430AW,L2J,OTHERS
1889,N430SW,L2J,OTHERS
1890,N430YX,L2J,REPUBLIC AIRWAYS INC
1891,N431AW,L2J,OTHERS
1892,N431CK,L2J,OTHERS
1893,N431YX,L2J,REPUBLIC AIRWAYS INC
1894,N432AW,L2J,OTHERS
1895,N432SW,L2J,OTHERS
1896,N432YX,L2J,REPUBLIC AIRWAYS INC
1897,N433AW,L2J,OTHERS
1898,N433SW,L2J,OTHERS
1899,N433YX,L2J,REPUBLIC AIRWAYS INC
1900,N434AW,L2J,OTHERS
1901,N434YX,L2J,REPUBLIC AIRWAYS INC
1902,N435AW,L2J,OTHERS
1903,N435PC,L1T,OTHERS
1904,N435YX,L2J,REPUBLIC AIRWAYS INC
1905,N436AW,L2J,OTHERS
1906,N436QS,L2J,OTHERS
1907,N436YX,L2J,REPUBLIC AIRWAYS INC
1908,N437SW,L2J,OTHERS
1909,N437YX,L2J,REPUBLIC AIRWAYS INC
1910,N438AW,L2J,OTHERS
1911,N438FX,L2J,OTHERS
1912,N438YX,L2J,REPUBLIC AIRWAYS INC
1913,N439AW,L2J,OTHERS
1914,N439FX,L2J,OTHERS
1915,N439YX,L2J,REPUBLIC AIRWAYS INC
1916,N440AW,L2J,OTHERS
1917,N440CT,L2J,OTHERS
1918,N440CX,L2J,OTHERS
1919,N440FX,L2J,OTHERS
1920,N440SW,L2J,OTHERS
1921,N440YX,L2J,REPUBLIC AIRWAYS INC
1922,N441FX,L2J,OTHERS
1923,N441KM,L2T,OTHERS
1924,N441PC,L2J,OTHERS
1925,N441YX,L2J,REPUBLIC AIRWAYS INC
1926,N441ZW,L2J,OTHERS
1927,N442AW,L2J,OTHERS
1928,N442WT,L2J,OTHERS
1929,N442YX,L2J,REPUBLIC AIRWAYS INC
1930,N443AW,L2J,OTHERS
1931,N443SW,L2J,OTHERS
1932,N443YX,L2J,REPUBLIC AIRWAYS INC
1933,N444SC,L2J,BANK OF UTAH TRUSTEE
1934,N444YX,L2J,REPUBLIC AIRWAYS INC
1935,N444ZW,L2J,OTHERS
1936,N445AW,L2J,OTHERS
1937,N445N,L2J,OTHERS
1938,N445YX,L2J,REPUBLIC AIRWAYS INC
1939,N446AW,L2J,OTHERS
1940,N446CJ,L2J,OTHERS
1941,N446YX,L2J,REPUBLIC AIRWAYS INC
1942,N447AW,L2J,OTHERS
1943,N447YX,L2J,REPUBLIC AIRWAYS INC
1944,N449AW,L2J,OTHERS
1945,N449TM,L2J,OTHERS
1946,N450AW,L2J,OTHERS
1947,N451AJ,L2J,OTHERS
1948,N451AW,L2J,OTHERS
1949,N451GA,L2J,OTHERS
1950,N451TM,L2J,OTHERS
1951,N452AW,L2J,OTHERS
1952,N452SD,L2J,OTHERS
1953,N453JE,L2J,OTHERS
1954,N454AW,L2J,OTHERS
1955,N454NG,L1T,OTHERS
1956,N456ZW,L2J,OTHERS
1957,N457AW,L2J,OTHERS
1958,N458AW,L2J,OTHERS
1959,N459AW,L2J,OTHERS
1960,N459DM,L2P,OTHERS
1961,N45AX,L2J,OTHERS
1962,N460AW,L2J,OTHERS
1963,N461AW,L2J,OTHERS
1964,N462AW,L2J,OTHERS
1965,N462MK,L2J,OTHERS
1966,N463AW,L2J,OTHERS
1967,N464AW,L2J,OTHERS
1968,N464SW,L2J,OTHERS
1969,N465AW,L2J,OTHERS
1970,N465TM,L2J,OTHERS
1971,N466AW,L2J,OTHERS
1972,N4674B,L1T,OTHERS
1973,N467AW,L2J,OTHERS
1974,N468AW,L2J,OTHERS
1975,N468CE,L2J,OTHERS
1976,N468KL,L2J,OTHERS
1977,N469AF,L1T,OTHERS
1978,N469AW,L2J,OTHERS
1979,N470ZW,L2J,OTHERS
1980,N471ZW,L2J,OTHERS
1981,N472FX,L2J,OTHERS
1982,N473HB,L2J,OTHERS
1983,N474FX,L2J,OTHERS
1984,N478PX,L2J,BANK OF UTAH TRUSTEE
1985,N479CA,L2J,OTHERS
1986,N480JE,L2J,OTHERS
1987,N481AM,L2J,OTHERS
1988,N485CT,L2J,OTHERS
1989,N488AM,L2J,OTHERS
1990,N489VR,L2J,OTHERS
1991,N491TM,L2J,OTHERS
1992,N492CA,L2J,OTHERS
1993,N492MC,L4J,OTHERS
1994,N493AF,L1T,OTHERS
1995,N494CA,L2J,OTHERS
1996,N497SP,L3J,OTHERS
1997,N497TM,L2J,OTHERS
1998,N4B,L2J,OTHERS
1999,N5007E,L2J,AMERICAN AIRLINES INC
2000,N500AE,L2J,AMERICAN AIRLINES INC
2001,N500PC,L2J,OTHERS
2002,N500VJ,L2J,BANK OF UTAH TRUSTEE
2003,N501BG,L2J,AMERICAN AIRLINES INC
2004,N501QS,L2J,OTHERS
2005,N501UP,L2J,OTHERS
2006,N501VJ,L2J,BANK OF UTAH TRUSTEE
2007,N502BG,L2J,OTHERS
2008,N502VJ,L2J,BANK OF UTAH TRUSTEE
2009,N503AE,L2J,AMERICAN AIRLINES INC
2010,N503GJ,L2J,BANK OF UTAH TRUSTEE
2011,N503VJ,L2J,BANK OF UTAH TRUSTEE
2012,N504UP,L2J,OTHERS
2013,N505AE,L2J,AMERICAN AIRLINES INC
2014,N506BA,L3J,OTHERS
2015,N506QS,L2J,OTHERS
2016,N507AE,L2J,AMERICAN AIRLINES INC
2017,N507WM,L2J,OTHERS
2018,N508CK,L2J,OTHERS
2019,N508UP,L2J,OTHERS
2020,N509MJ,L2J,OTHERS
2021,N50HN,L3J,OTHERS
2022,N510AE,L2J,AMERICAN AIRLINES INC
2023,N510HF,L2J,OTHERS
2024,N510JN,L2J,OTHERS
2025,N510TW,L2J,OTHERS
2026,N511CT,L2J,OTHERS
2027,N512AE,L2J,AMERICAN AIRLINES INC
2028,N512QS,L2J,OTHERS
2029,N512UP,L2J,OTHERS
2030,N513AE,L2J,AMERICAN AIRLINES INC
2031,N513MJ,L2J,OTHERS
2032,N513QS,L2J,OTHERS
2033,N514AE,L2J,AMERICAN AIRLINES INC
2034,N514UP,L2J,OTHERS
2035,N515AE,L2J,AMERICAN AIRLINES INC
2036,N515QS,L2J,OTHERS
2037,N515UP,L2J,OTHERS
2038,N516AE,L2J,AMERICAN AIRLINES INC
2039,N516GH,L2J,OTHERS
2040,N517AE,L2J,AMERICAN AIRLINES INC
2041,N518AE,L2J,AMERICAN AIRLINES INC
2042,N519AE,L2J,AMERICAN AIRLINES INC
2043,N519QS,L2J,OTHERS
2044,N520QS,L2J,OTHERS
2045,N521FE,L3J,OTHERS
2046,N521FL,L2J,OTHERS
2047,N521FX,L2J,OTHERS
2048,N521QS,L2J,OTHERS
2049,N522AE,L2J,AMERICAN AIRLINES INC
2050,N522FE,L3J,OTHERS
2051,N522FX,L2J,OTHERS
2052,N522QS,L2J,OTHERS
2053,N523AJ,L2J,OTHERS
2054,N523FE,L3J,OTHERS
2055,N524AE,L2J,AMERICAN AIRLINES INC
2056,N524FX,L2J,OTHERS
2057,N525FE,L3J,OTHERS
2058,N526EA,L2J,AMERICAN AIRLINES INC
2059,N526FX,L2J,OTHERS
2060,N527EA,L2J,AMERICAN AIRLINES INC
2061,N527QS,L2J,OTHERS
2062,N528EG,L2J,AMERICAN AIRLINES INC
2063,N528FE,L3J,OTHERS
2064,N529FE,L3J,OTHERS
2065,N529FX,L2J,OTHERS
2066,N52JT,L2J,OTHERS
2067,N530EA,L2J,AMERICAN AIRLINES INC
2068,N530FX,L2J,OTHERS
2069,N531AF,L1T,OTHERS
2070,N531EG,L2J,AMERICAN AIRLINES INC
2071,N532EA,L2J,AMERICAN AIRLINES INC
2072,N532FX,L2J,OTHERS
2073,N533QS,L2J,OTHERS
2074,N534AE,L2J,AMERICAN AIRLINES INC
2075,N535RV,L2J,OTHERS
2076,N535V,L2J,OTHERS
2077,N536EA,L2J,AMERICAN AIRLINES INC
2078,N536QS,L2J,OTHERS
2079,N538CA,L2J,DELTA AIR LINES
2080,N538EG,L2J,AMERICAN AIRLINES INC
2081,N538QS,L2J,OTHERS
2082,N538XJ,L2J,BANK OF UTAH TRUSTEE
2083,N539AF,L1T,OTHERS
2084,N539UW,L2J,AMERICAN AIRLINES INC
2085,N53NW,L2J,OTHERS
2086,N540EG,L2J,AMERICAN AIRLINES INC
2087,N540FX,L2J,OTHERS
2088,N540QS,L2J,OTHERS
2089,N541QS,L2J,OTHERS
2090,N542EA,L2J,AMERICAN AIRLINES INC
2091,N542FX,L2J,OTHERS
2092,N542QS,L2J,OTHERS
2093,N543EA,L2J,AMERICAN AIRLINES INC
2094,N543QS,L2J,OTHERS
2095,N544EA,L2J,AMERICAN AIRLINES INC
2096,N545XJ,L2J,BANK OF UTAH TRUSTEE
2097,N546FF,L2J,AMERICAN AIRLINES INC
2098,N546XJ,L2J,BANK OF UTAH TRUSTEE
2099,N547FX,L2J,OTHERS
2100,N547NN,L2J,AMERICAN AIRLINES INC
2101,N547P,L2T,OTHERS
2102,N547QS,L2J,OTHERS
2103,N548NN,L2J,AMERICAN AIRLINES INC
2104,N548XJ,L2J,BANK OF UTAH TRUSTEE
2105,N549FX,L2J,OTHERS
2106,N549NN,L2J,AMERICAN AIRLINES INC
2107,N549QS,L2J,OTHERS
2108,N54RE,L2J,OTHERS
2109,N550AA,L2J,OTHERS
2110,N550AJ,L2J,OTHERS
2111,N551FX,L2J,OTHERS
2112,N551NN,L2J,AMERICAN AIRLINES INC
2113,N551TF,L1P,OTHERS
2114,N552FX,L2J,OTHERS
2115,N552QS,L2J,OTHERS
2116,N553CB,L2J,OTHERS
2117,N553FX,L2J,OTHERS
2118,N553NN,L2J,AMERICAN AIRLINES INC
2119,N554CA,L2J,DELTA AIR LINES
2120,N554DS,L1P,OTHERS
2121,N554NN,L2J,AMERICAN AIRLINES INC
2122,N554QS,L2J,OTHERS
2123,N555LK,L2J,OTHERS
2124,N555NN,L2J,AMERICAN AIRLINES INC
2125,N555QS,L2J,OTHERS
2126,N555WL,L2J,OTHERS
2127,N555XY,L2T,OTHERS
2128,N556NN,L2J,AMERICAN AIRLINES INC
2129,N556QS,L2J,OTHERS
2130,N557NN,L2J,AMERICAN AIRLINES INC
2131,N557QS,L2J,OTHERS
2132,N559QS,L2J,OTHERS
2133,N55BA,L2J,OTHERS
2134,N560AW,L2J,OTHERS
2135,N560BL,L2J,OTHERS
2136,N560DP,L2J,OTHERS
2137,N560DR,L2J,OTHERS
2138,N560NN,L2J,AMERICAN AIRLINES INC
2139,N560QS,L2J,OTHERS
2140,N561NN,L2J,AMERICAN AIRLINES INC
2141,N561QS,L2J,OTHERS
2142,N561ST,L1T,OTHERS
2143,N561SW,L2T,OTHERS
2144,N562NN,L2J,AMERICAN AIRLINES INC
2145,N562QS,L2J,OTHERS
2146,N563QS,L2J,OTHERS
2147,N564QS,L2J,OTHERS
2148,N565NN,L2J,AMERICAN AIRLINES INC
2149,N565QS,L2J,OTHERS
2150,N565RV,L2J,OTHERS
2151,N565SK,L2J,OTHERS
2152,N566NN,L2J,AMERICAN AIRLINES INC
2153,N567AF,L1T,OTHERS
2154,N567NN,L2J,AMERICAN AIRLINES INC
2155,N568NN,L2J,AMERICAN AIRLINES INC
2156,N568QS,L2J,OTHERS
2157,N569NN,L2J,AMERICAN AIRLINES INC
2158,N56GJ,L2J,OTHERS
2159,N570NN,L2J,AMERICAN AIRLINES INC
2160,N571FX,L2J,OTHERS
2161,N572FE,L3J,OTHERS
2162,N572FX,L2J,OTHERS
2163,N573FE,L3J,OTHERS
2164,N573NN,L2J,AMERICAN AIRLINES INC
2165,N574FE,L3J,OTHERS
2166,N574FX,L2J,OTHERS
2167,N574NN,L2J,AMERICAN AIRLINES INC
2168,N575FE,L3J,OTHERS
2169,N575FX,L2J,OTHERS
2170,N575QS,L2J,OTHERS
2171,N576FE,L3J,OTHERS
2172,N576QS,L2J,OTHERS
2173,N577NN,L2J,AMERICAN AIRLINES INC
2174,N578FE,L3J,OTHERS
2175,N578FX,L2J,OTHERS
2176,N578NN,L2J,AMERICAN AIRLINES INC
2177,N578XJ,L2J,BANK OF UTAH TRUSTEE
2178,N579FX,L2J,OTHERS
2179,N579NN,L2J,AMERICAN AIRLINES INC
2180,N579QS,L2J,OTHERS
2181,N580NN,L2J,AMERICAN AIRLINES INC
2182,N580QS,L2J,OTHERS
2183,N581FX,L2J,OTHERS
2184,N581NN,L2J,AMERICAN AIRLINES INC
2185,N582CA,L2J,DELTA AIR LINES
2186,N582FE,L3J,OTHERS
2187,N582NN,L2J,AMERICAN AIRLINES INC
2188,N583FE,L3J,OTHERS
2189,N583NN,L2J,AMERICAN AIRLINES INC
2190,N583QS,L2J,OTHERS
2191,N584FE,L3J,OTHERS
2192,N585FE,L3J,OTHERS
2193,N585JS,L2J,OTHERS
2194,N586FE,L3J,OTHERS
2195,N586NN,L2J,AMERICAN AIRLINES INC
2196,N587FE,L3J,OTHERS
2197,N588BF,L2J,BANK OF UTAH TRUSTEE
2198,N588FE,L3J,OTHERS
2199,N588NN,L2J,AMERICAN AIRLINES INC
2200,N588QS,L2J,OTHERS
2201,N589FE,L3J,OTHERS
2202,N590FE,L3J,OTHERS
2203,N590NN,L2J,AMERICAN AIRLINES INC
2204,N590QS,L2J,OTHERS
2205,N591FE,L3J,OTHERS
2206,N591NN,L2J,AMERICAN AIRLINES INC
2207,N592FE,L3J,OTHERS
2208,N592NN,L2J,AMERICAN AIRLINES INC
2209,N593FE,L3J,OTHERS
2210,N593NN,L2J,AMERICAN AIRLINES INC
2211,N594FE,L3J,OTHERS
2212,N594NN,L2J,AMERICAN AIRLINES INC
2213,N595FE,L3J,OTHERS
2214,N595FX,L2J,OTHERS
2215,N595NN,L2J,AMERICAN AIRLINES INC
2216,N596FE,L3J,OTHERS
2217,N596NN,L2J,AMERICAN AIRLINES INC
2218,N597FE,L3J,OTHERS
2219,N597NN,L2J,AMERICAN AIRLINES INC
2220,N598FE,L3J,OTHERS
2221,N598NN,L2J,AMERICAN AIRLINES INC
2222,N599FE,L3J,OTHERS
2223,N599NN,L2J,AMERICAN AIRLINES INC
2224,N599QS,L2J,OTHERS
2225,N5A,L2J,OTHERS
2226,N600CF,L2J,OTHERS
2227,N600HZ,L2J,BANK OF UTAH TRUSTEE
2228,N600LR,L2J,DELTA AIR LINES
2229,N600NN,L2J,AMERICAN AIRLINES INC
2230,N600QS,L2J,OTHERS
2231,N601FE,L3J,OTHERS
2232,N601LR,L2J,DELTA AIR LINES
2233,N601XJ,L2J,DELTA AIR LINES
2234,N602FE,L3J,OTHERS
2235,N602GG,L1T,OTHERS
2236,N602QS,L2J,OTHERS
2237,N602XJ,L2J,DELTA AIR LINES
2238,N603FE,L3J,OTHERS
2239,N603WM,L2J,OTHERS
2240,N604DR,L2J,OTHERS
2241,N604FE,L3J,OTHERS
2242,N604LR,L2J,DELTA AIR LINES
2243,N604MH,L2J,OTHERS
2244,N604SK,L2J,OTHERS
2245,N605FE,L3J,OTHERS
2246,N605LR,L2J,DELTA AIR LINES
2247,N605WG,L2J,OTHERS
2248,N606AE,L2J,AMERICAN AIRLINES INC
2249,N606FE,L3J,OTHERS
2250,N606JF,L2J,OTHERS
2251,N606LR,L2J,DELTA AIR LINES
2252,N606QS,L2J,OTHERS
2253,N606SK,L2J,OTHERS
2254,N607AT,L2J,OTHERS
2255,N607FE,L3J,OTHERS
2256,N607LR,L2J,DELTA AIR LINES
2257,N607QS,L2J,OTHERS
2258,N608AT,L2J,OTHERS
2259,N608FE,L3J,OTHERS
2260,N608RP,L2J,OTHERS
2261,N608SG,L2J,OTHERS
2262,N609FE,L3J,OTHERS
2263,N609QS,L2J,OTHERS
2264,N609SK,L2J,OTHERS
2265,N60ES,L2J,OTHERS
2266,N60GF,L2J,OTHERS
2267,N60KC,L2T,OTHERS
2268,N610AE,L2J,AMERICAN AIRLINES INC
2269,N610AT,L1T,OTHERS
2270,N610FE,L3J,OTHERS
2271,N610RL,L3J,OTHERS
2272,N611AE,L2J,AMERICAN AIRLINES INC
2273,N611BV,L2J,OTHERS
2274,N611QS,L2J,OTHERS
2275,N611SK,L2J,OTHERS
2276,N612AE,L2J,AMERICAN AIRLINES INC
2277,N612FE,L3J,OTHERS
2278,N612QS,L2J,OTHERS
2279,N613AE,L2J,AMERICAN AIRLINES INC
2280,N613FE,L3J,OTHERS
2281,N613R,L2J,OTHERS
2282,N613SK,L2J,OTHERS
2283,N614B,L2J,OTHERS
2284,N614FE,L3J,OTHERS
2285,N614QX,L2J,OTHERS
2286,N614SK,L2J,OTHERS
2287,N615AE,L2J,AMERICAN AIRLINES INC
2288,N615AR,L2T,OTHERS
2289,N615FE,L3J,OTHERS
2290,N615QS,L2J,OTHERS
2291,N616AE,L2J,AMERICAN AIRLINES INC
2292,N616FE,L3J,OTHERS
2293,N616QS,L2J,OTHERS
2294,N6173C,L2T,OTHERS
2295,N617AE,L2J,AMERICAN AIRLINES INC
2296,N617FE,L3J,OTHERS
2297,N617QS,L2J,OTHERS
2298,N618AE,L2J,AMERICAN AIRLINES INC
2299,N618FE,L3J,OTHERS
2300,N619AE,L2J,AMERICAN AIRLINES INC
2301,N619FE,L3J,OTHERS
2302,N619GV,L2J,OTHERS
2303,N619UX,L2J,OTHERS
2304,N6207F,L2T,OTHERS
2305,N620AE,L2J,AMERICAN AIRLINES INC
2306,N620FE,L3J,OTHERS
2307,N621AE,L2J,AMERICAN AIRLINES INC
2308,N621FE,L3J,OTHERS
2309,N622AE,L2J,AMERICAN AIRLINES INC
2310,N622AF,L1T,OTHERS
2311,N623AE,L2J,AMERICAN AIRLINES INC
2312,N623FE,L3J,OTHERS
2313,N624AE,L2J,AMERICAN AIRLINES INC
2314,N624FE,L3J,OTHERS
2315,N625AE,L2J,AMERICAN AIRLINES INC
2316,N625FE,L3J,OTHERS
2317,N626AE,L2J,AMERICAN AIRLINES INC
2318,N626LA,L2J,OTHERS
2319,N627AE,L2J,AMERICAN AIRLINES INC
2320,N628FE,L3J,OTHERS
2321,N628G,L2J,OTHERS
2322,N629AE,L2J,AMERICAN AIRLINES INC
2323,N629QS,L2J,OTHERS
2324,N630AE,L2J,AMERICAN AIRLINES INC
2325,N631AE,L2J,AMERICAN AIRLINES INC
2326,N631CB,L2J,OTHERS
2327,N631FE,L3J,OTHERS
2328,N631RP,L2J,OTHERS
2329,N631RW,L2J,REPUBLIC AIRWAYS INC
2330,N631SK,L2J,OTHERS
2331,N632AE,L2J,AMERICAN AIRLINES INC
2332,N632RW,L2J,OTHERS
2333,N632SK,L2J,OTHERS
2334,N633AE,L2J,AMERICAN AIRLINES INC
2335,N633RW,L2J,REPUBLIC AIRWAYS INC
2336,N633SK,L2J,OTHERS
2337,N634AE,L2J,AMERICAN AIRLINES INC
2338,N634QS,L2J,OTHERS
2339,N634RW,L2J,OTHERS
2340,N635AE,L2J,AMERICAN AIRLINES INC
2341,N635QS,L2J,OTHERS
2342,N635RW,L2J,REPUBLIC AIRWAYS INC
2343,N636AE,L2J,AMERICAN AIRLINES INC
2344,N636RW,L2J,OTHERS
2345,N636SD,L2J,OTHERS
2346,N637AE,L2J,AMERICAN AIRLINES INC
2347,N637RW,L2J,OTHERS
2348,N638AE,L2J,AMERICAN AIRLINES INC
2349,N638RW,L2J,REPUBLIC AIRWAYS INC
2350,N639AE,L2J,AMERICAN AIRLINES INC
2351,N639RW,L2J,REPUBLIC AIRWAYS INC
2352,N63NE,L2T,OTHERS
2353,N640AE,L2J,AMERICAN AIRLINES INC
2354,N640QS,L2J,OTHERS
2355,N640RW,L2J,BANK OF UTAH TRUSTEE
2356,N641AE,L2J,AMERICAN AIRLINES INC
2357,N641QS,L2J,OTHERS
2358,N641RW,L2J,BANK OF UTAH TRUSTEE
2359,N642AE,L2J,AMERICAN AIRLINES INC
2360,N642FE,L3J,OTHERS
2361,N642QS,L2J,OTHERS
2362,N642RW,L2J,BANK OF UTAH TRUSTEE
2363,N643AE,L2J,AMERICAN AIRLINES INC
2364,N643FE,L3J,OTHERS
2365,N643QS,L2J,OTHERS
2366,N643RW,L2J,OTHERS
2367,N644AE,L2J,AMERICAN AIRLINES INC
2368,N644QS,L2J,OTHERS
2369,N644RW,L2J,OTHERS
2370,N644SD,L1T,OTHERS
2371,N645AE,L2J,AMERICAN AIRLINES INC
2372,N645RW,L2J,REPUBLIC AIRWAYS INC
2373,N646AE,L2J,AMERICAN AIRLINES INC
2374,N646QS,L2J,OTHERS
2375,N646RW,L2J,OTHERS
2376,N647AE,L2J,AMERICAN AIRLINES INC
2377,N647RW,L2J,REPUBLIC AIRWAYS INC
2378,N648AE,L2J,AMERICAN AIRLINES INC
2379,N648QS,L2J,OTHERS
2380,N648RW,L2J,REPUBLIC AIRWAYS INC
2381,N649DL,L2J,BANK OF UTAH TRUSTEE
2382,N649PP,L2J,AMERICAN AIRLINES INC
2383,N649RW,L2J,OTHERS
2384,N650AE,L2J,AMERICAN AIRLINES INC
2385,N650AW,L2J,OTHERS
2386,N650DL,L2J,BANK OF UTAH TRUSTEE
2387,N650FE,L2J,OTHERS
2388,N650RW,L2J,REPUBLIC AIRWAYS INC
2389,N651AE,L2J,AMERICAN AIRLINES INC
2390,N651CT,L2T,OTHERS
2391,N651DL,L2J,BANK OF UTAH TRUSTEE
2392,N651FE,L2J,OTHERS
2393,N651GT,L2J,OTHERS
2394,N651QS,L2J,OTHERS
2395,N651RW,L2J,OTHERS
2396,N652BR,L2J,OTHERS
2397,N652DL,L2J,BANK OF UTAH TRUSTEE
2398,N652FC,L2J,OTHERS
2399,N652FE,L2J,OTHERS
2400,N652RS,L2J,AMERICAN AIRLINES INC
2401,N652RW,L2J,OTHERS
2402,N653AE,L2J,AMERICAN AIRLINES INC
2403,N653AF,L1T,OTHERS
2404,N653FE,L2J,OTHERS
2405,N653RW,L2J,REPUBLIC AIRWAYS INC
2406,N654AE,L2J,AMERICAN AIRLINES INC
2407,N654DL,L2J,BANK OF UTAH TRUSTEE
2408,N654FE,L2J,OTHERS
2409,N654RW,L2J,OTHERS
2410,N655AE,L2J,AMERICAN AIRLINES INC
2411,N655CA,L2J,DELTA AIR LINES
2412,N655FE,L2J,OTHERS
2413,N655QS,L2J,OTHERS
2414,N655RW,L2J,REPUBLIC AIRWAYS INC
2415,N656AE,L2J,AMERICAN AIRLINES INC
2416,N656CA,L2J,OTHERS
2417,N656FE,L2J,OTHERS
2418,N656RW,L2J,OTHERS
2419,N657AE,L2J,AMERICAN AIRLINES INC
2420,N657FE,L2J,OTHERS
2421,N657RW,L2J,OTHERS
2422,N658AE,L2J,AMERICAN AIRLINES INC
2423,N658QS,L2J,OTHERS
2424,N659AE,L2J,AMERICAN AIRLINES INC
2425,N659FE,L2J,OTHERS
2426,N660AW,L2J,OTHERS
2427,N660CL,L2J,AMERICAN AIRLINES INC
2428,N660FE,L2J,OTHERS
2429,N660QS,L2J,OTHERS
2430,N661AW,L2J,OTHERS
2431,N661DN,L2J,BANK OF UTAH TRUSTEE
2432,N661FE,L2J,OTHERS
2433,N661JA,L2J,AMERICAN AIRLINES INC
2434,N661QS,L2J,OTHERS
2435,N662EH,L2J,AMERICAN AIRLINES INC
2436,N662FE,L2J,OTHERS
2437,N663AR,L2J,AMERICAN AIRLINES INC
2438,N663FE,L2J,OTHERS
2439,N664AW,L2J,OTHERS
2440,N664FE,L2J,OTHERS
2441,N664JN,L2J,OTHERS
2442,N664MS,L2J,AMERICAN AIRLINES INC
2443,N664QS,L2J,OTHERS
2444,N665BC,L2J,AMERICAN AIRLINES INC
2445,N665FE,L2J,OTHERS
2446,N667FE,L2J,OTHERS
2447,N667GB,L2J,AMERICAN AIRLINES INC
2448,N667QS,L2J,OTHERS
2449,N668AW,L2J,OTHERS
2450,N668CA,L2J,DELTA AIR LINES
2451,N668CP,L2J,OTHERS
2452,N668FE,L2J,OTHERS
2453,N668HH,L2J,AMERICAN AIRLINES INC
2454,N668QS,L2J,OTHERS
2455,N669FE,L2J,OTHERS
2456,N669MB,L2J,AMERICAN AIRLINES INC
2457,N670AE,L2J,AMERICAN AIRLINES INC
2458,N671AE,L2J,AMERICAN AIRLINES INC
2459,N671FE,L2J,OTHERS
2460,N672AE,L2J,AMERICAN AIRLINES INC
2461,N672FE,L2J,OTHERS
2462,N673AE,L2J,AMERICAN AIRLINES INC
2463,N673FE,L2J,OTHERS
2464,N674FE,L2J,OTHERS
2465,N675BW,L1P,OTHERS
2466,N675FE,L2J,OTHERS
2467,N676AE,L2J,AMERICAN AIRLINES INC
2468,N676CA,L2J,DELTA AIR LINES
2469,N676FE,L2J,OTHERS
2470,N677FE,L2J,OTHERS
2471,N678AE,L2J,AMERICAN AIRLINES INC
2472,N678CA,L2J,DELTA AIR LINES
2473,N678FE,L2J,OTHERS
2474,N678QS,L2J,OTHERS
2475,N679AE,L2J,AMERICAN AIRLINES INC
2476,N679AW,L2J,WELLS FARGO TRUST CO NA TRUSTEE
2477,N679CA,L2J,DELTA AIR LINES
2478,N679FE,L2J,OTHERS
2479,N679QS,L2J,OTHERS
2480,N679SA,L2J,OTHERS
2481,N680AE,L2J,AMERICAN AIRLINES INC
2482,N680FE,L2J,OTHERS
2483,N680PA,L2T,OTHERS
2484,N681AE,L2J,AMERICAN AIRLINES INC
2485,N681NG,L1T,OTHERS
2486,N681QS,L2J,OTHERS
2487,N682AE,L2J,AMERICAN AIRLINES INC
2488,N682FE,L2J,OTHERS
2489,N683AE,L2J,AMERICAN AIRLINES INC
2490,N683FE,L2J,OTHERS
2491,N683QS,L2J,OTHERS
2492,N683SL,L2J,OTHERS
2493,N684FE,L2J,OTHERS
2494,N684JW,L2J,AMERICAN AIRLINES INC
2495,N685AE,L2J,AMERICAN AIRLINES INC
2496,N685BR,L2J,DELTA AIR LINES
2497,N685FE,L2J,OTHERS
2498,N685QS,L2J,OTHERS
2499,N686AE,L2J,AMERICAN AIRLINES INC
2500,N686BR,L2J,DELTA AIR LINES
2501,N686FE,L2J,OTHERS
2502,N687FE,L2J,OTHERS
2503,N688AE,L2J,AMERICAN AIRLINES INC
2504,N688FE,L2J,OTHERS
2505,N689CA,L2J,DELTA AIR LINES
2506,N689EC,L2J,AMERICAN AIRLINES INC
2507,N689FE,L2J,OTHERS
2508,N690AE,L2J,AMERICAN AIRLINES INC
2509,N690FE,L2J,OTHERS
2510,N691AE,L2J,AMERICAN AIRLINES INC
2511,N691AF,L1T,OTHERS
2512,N691CA,L2J,DELTA AIR LINES
2513,N691FE,L2J,OTHERS
2514,N691QS,L2J,OTHERS
2515,N692AE,L2J,AMERICAN AIRLINES INC
2516,N692CA,L2J,DELTA AIR LINES
2517,N692FE,L2J,OTHERS
2518,N693AE,L2J,AMERICAN AIRLINES INC
2519,N693BR,L2J,OTHERS
2520,N693CA,L2J,DELTA AIR LINES
2521,N694AE,L2J,AMERICAN AIRLINES INC
2522,N695AE,L2J,AMERICAN AIRLINES INC
2523,N695CA,L2J,DELTA AIR LINES
2524,N695QS,L2J,OTHERS
2525,N696AE,L2J,AMERICAN AIRLINES INC
2526,N696QS,L2J,OTHERS
2527,N697AB,L2J,AMERICAN AIRLINES INC
2528,N698CB,L2J,AMERICAN AIRLINES INC
2529,N698QS,L2J,OTHERS
2530,N699AE,L2J,AMERICAN AIRLINES INC
2531,N699BR,L2J,OTHERS
2532,N699CJ,L2J,OTHERS
2533,N6NR,L2J,OTHERS
2534,N70020,L2J,WELLS FARGO TRUST CO NA TRUSTEE
2535,N700KM,L1T,OTHERS
2536,N700UW,L2J,OTHERS
2537,N700WH,L2J,OTHERS
2538,N701BR,L2J,OTHERS
2539,N701SK,L2J,OTHERS
2540,N701UW,L2J,OTHERS
2541,N702PS,L2J,AMERICAN AIRLINES INC
2542,N702UW,L2J,OTHERS
2543,N703PS,L2J,AMERICAN AIRLINES INC
2544,N703UW,L2J,OTHERS
2545,N704US,L2J,WELLS FARGO TRUST CO NA TRUSTEE
2546,N705UW,L2J,BANK OF UTAH TRUSTEE
2547,N706PS,L2J,WELLS FARGO TRUST CO NA TRUSTEE
2548,N706SK,L2J,OTHERS
2549,N707EV,L2J,OTHERS
2550,N707SK,L2J,OTHERS
2551,N707TG,L2T,OTHERS
2552,N708SK,L2J,OTHERS
2553,N708UW,L2J,OTHERS
2554,N709BR,L2J,OTHERS
2555,N709PS,L2J,OTHERS
2556,N709SK,L2J,OTHERS
2557,N709UW,L2J,OTHERS
2558,N70AL,A4P,OTHERS
2559,N710PS,L2J,OTHERS
2560,N710UW,L2J,OTHERS
2561,N711EC,L2J,OTHERS
2562,N711RE,L2T,OTHERS
2563,N711UW,L2J,BANK OF UTAH TRUSTEE
2564,N711VV,L2T,OTHERS
2565,N712US,L2J,WELLS FARGO TRUST CO NA TRUSTEE
2566,N713SY,L2J,OTHERS
2567,N713UW,L2J,OTHERS
2568,N713WD,L2J,OTHERS
2569,N714TS,L2J,OTHERS
2570,N714US,L2J,WELLS FARGO TRUST CO NA TRUSTEE
2571,N715UW,L2J,WELLS FARGO TRUST CO NA TRUSTEE
2572,N716BT,L1T,OTHERS
2573,N716PS,L2J,OTHERS
2574,N716UW,L2J,OTHERS
2575,N717EV,L2J,OTHERS
2576,N717JL,L2J,WELLS FARGO TRUST CO NA TRUSTEE
2577,N717LM,H1T,OTHERS
2578,N717MB,L2J,OTHERS
2579,N717MK,L2J,OTHERS
2580,N717UW,L2J,BANK OF UTAH TRUSTEE
2581,N718EV,L2J,OTHERS
2582,N718PM,L2J,OTHERS
2583,N718SK,L2J,OTHERS
2584,N719PS,L2J,WELLS FARGO TRUST CO NA TRUSTEE
2585,N71MT,L2J,OTHERS
2586,N720EV,L2J,OTHERS
2587,N720PS,L2J,OTHERS
2588,N720TM,L2J,OTHERS
2589,N721FD,L2J,OTHERS
2590,N721UW,L2J,BANK OF UTAH TRUSTEE
2591,N721YX,L2J,REPUBLIC AIRWAYS INC
2592,N722EV,L2J,OTHERS
2593,N722FD,L2J,OTHERS
2594,N722US,L2J,BANK OF UTAH TRUSTEE
2595,N722YX,L2J,REPUBLIC AIRWAYS INC
2596,N723FD,L2J,OTHERS
2597,N723UW,L2J,OTHERS
2598,N723YX,L2J,REPUBLIC AIRWAYS INC
2599,N724EH,L2J,OTHERS
2600,N724FD,L2J,OTHERS
2601,N724SK,L2J,WELLS FARGO TRUST CO NA TRUSTEE
2602,N724UW,L2J,OTHERS
2603,N724YX,L2J,REPUBLIC AIRWAYS INC
2604,N725FD,L2J,OTHERS
2605,N725PS,L2J,AMERICAN AIRLINES INC
2606,N725UW,L2J,OTHERS
2607,N725YX,L2J,REPUBLIC AIRWAYS INC
2608,N726FD,L2J,OTHERS
2609,N726QS,L2J,OTHERS
2610,N726YX,L2J,REPUBLIC AIRWAYS INC
2611,N727FD,L2J,OTHERS
2612,N727PR,L2J,OTHERS
2613,N727QS,L2J,OTHERS
2614,N727YX,L2J,REPUBLIC AIRWAYS INC
2615,N728FD,L2J,OTHERS
2616,N728QS,L2J,OTHERS
2617,N728SK,L2J,WELLS FARGO TRUST CO NA TRUSTEE
2618,N728YX,L2J,REPUBLIC AIRWAYS INC
2619,N729AT,L2J,OTHERS
2620,N729FD,L2J,OTHERS
2621,N729YX,L2J,REPUBLIC AIRWAYS INC
2622,N730EV,L2J,OTHERS
2623,N730FD,L2J,OTHERS
2624,N730SK,L2J,WELLS FARGO TRUST CO NA TRUSTEE
2625,N730US,L2J,AMERICAN AIRLINES INC
2626,N730YX,L2J,REPUBLIC AIRWAYS INC
2627,N731FD,L2J,OTHERS
2628,N731YX,L2J,REPUBLIC AIRWAYS INC
2629,N732FD,L2J,OTHERS
2630,N732US,L2J,AMERICAN AIRLINES INC
2631,N732YX,L2J,REPUBLIC AIRWAYS INC
2632,N733CF,L2J,OTHERS
2633,N733FD,L2J,OTHERS
2634,N733UW,L2J,AMERICAN AIRLINES INC
2635,N733YX,L2J,OTHERS
2636,N735XL,L2J,OTHERS
2637,N736,L1T,OTHERS
2638,N736YX,L2J,REPUBLIC AIRWAYS INC
2639,N737US,L2J,BANK OF UTAH TRUSTEE
2640,N738EV,L2J,OTHERS
2641,N738QS,L2J,OTHERS
2642,N738US,L2J,BANK OF UTAH TRUSTEE
2643,N739YX,L2J,REPUBLIC AIRWAYS INC
2644,N740EV,L2J,OTHERS
2645,N740FD,L2J,OTHERS
2646,N740KD,L2J,OTHERS
2647,N740SK,L2J,OTHERS
2648,N740SS,L2J,OTHERS
2649,N740UW,L2J,BANK OF UTAH TRUSTEE
2650,N740YX,L2J,REPUBLIC AIRWAYS INC
2651,N741EV,L2J,OTHERS
2652,N741UW,L2J,BANK OF UTAH TRUSTEE
2653,N741YX,L2J,OTHERS
2654,N742FD,L2J,OTHERS
2655,N742PS,L2J,BANK OF UTAH TRUSTEE
2656,N742QS,L2J,OTHERS
2657,N742YX,L2J,OTHERS
2658,N743FD,L2J,OTHERS
2659,N743SK,L2J,OTHERS
2660,N743YX,L2J,OTHERS
2661,N744C,L3J,OTHERS
2662,N744EV,L2J,OTHERS
2663,N744P,L2J,BANK OF UTAH TRUSTEE
2664,N744SK,L2J,WELLS FARGO TRUST CO NA TRUSTEE
2665,N744YX,L2J,OTHERS
2666,N745FD,L2J,OTHERS
2667,N745SK,L2J,WELLS FARGO TRUST CO NA TRUSTEE
2668,N745VJ,L2J,BANK OF UTAH TRUSTEE
2669,N745YX,L2J,OTHERS
2670,N7462C,L1P,OTHERS
2671,N746FD,L2J,OTHERS
2672,N746SK,L2J,WELLS FARGO TRUST CO NA TRUSTEE
2673,N746UW,L2J,BANK OF UTAH TRUSTEE
2674,N746YX,L2J,OTHERS
2675,N747UW,L2J,BANK OF UTAH TRUSTEE
2676,N747YX,L2J,OTHERS
2677,N748EV,L2J,OTHERS
2678,N748SK,L2J,WELLS FARGO TRUST CO NA TRUSTEE
2679,N748UW,L2J,BANK OF UTAH TRUSTEE
2680,N748YX,L2J,OTHERS
2681,N749FD,L2J,OTHERS
2682,N749US,L2J,BANK OF UTAH TRUSTEE
2683,N749YX,L2J,OTHERS
2684,N750EV,L2J,OTHERS
2685,N750GX,L2J,OTHERS
2686,N750NA,L2J,OTHERS
2687,N750SK,L2J,WELLS FARGO TRUST CO NA TRUSTEE
2688,N750UW,L2J,BANK OF UTAH TRUSTEE
2689,N750XX,L2J,OTHERS
2690,N750YX,L2J,OTHERS
2691,N751EV,L2J,OTHERS
2692,N751FD,L2J,OTHERS
2693,N751UW,L2J,BANK OF UTAH TRUSTEE
2694,N752EV,L2J,OTHERS
2695,N752LP,L2J,OTHERS
2696,N752US,L2J,BANK OF UTAH TRUSTEE
2697,N753SK,L2J,WELLS FARGO TRUST CO NA TRUSTEE
2698,N753US,L2J,BANK OF UTAH TRUSTEE
2699,N754EV,L2J,OTHERS
2700,N754UW,L2J,BANK OF UTAH TRUSTEE
2701,N755EV,L2J,OTHERS
2702,N755US,L2J,BANK OF UTAH TRUSTEE
2703,N756CA,L4J,OTHERS
2704,N756US,L2J,BANK OF UTAH TRUSTEE
2705,N757PC,L2J,OTHERS
2706,N757UW,L2J,BANK OF UTAH TRUSTEE
2707,N758PC,L1T,OTHERS
2708,N758SK,L2J,WELLS FARGO TRUST CO NA TRUSTEE
2709,N758US,L2J,BANK OF UTAH TRUSTEE
2710,N75TX,L2J,OTHERS
2711,N760CK,L2J,OTHERS
2712,N760US,L2J,BANK OF UTAH TRUSTEE
2713,N761ND,L2J,OTHERS
2714,N762QS,L2J,OTHERS
2715,N762SK,L2J,WELLS FARGO TRUST CO NA TRUSTEE
2716,N762US,L2J,OTHERS
2717,N763JA,L2J,OTHERS
2718,N763US,L2J,OTHERS
2719,N764QS,L2J,OTHERS
2720,N764US,L2J,OTHERS
2721,N765CK,L2J,OTHERS
2722,N765QS,L2J,OTHERS
2723,N765US,L2J,OTHERS
2724,N766QS,L2J,OTHERS
2725,N766SK,L2J,OTHERS
2726,N766US,L2J,OTHERS
2727,N767AX,L2J,OTHERS
2728,N767QS,L2J,OTHERS
2729,N767SK,L2J,OTHERS
2730,N767UW,L2J,OTHERS
2731,N768SK,L2J,OTHERS
2732,N768US,L2J,OTHERS
2733,N769QS,L2J,OTHERS
2734,N769US,L2J,OTHERS
2735,N770QS,L2J,OTHERS
2736,N770SK,L2J,WELLS FARGO TRUST CO NA TRUSTEE
2737,N770UW,L2J,OTHERS
2738,N771DE,L2J,OTHERS
2739,N771XF,L2J,OTHERS
2740,N772SK,L2J,OTHERS
2741,N772XF,L2J,OTHERS
2742,N773SK,L2J,OTHERS
2743,N774QS,L2J,OTHERS
2744,N774SK,L2J,OTHERS
2745,N774XF,L2J,OTHERS
2746,N775QS,L2J,OTHERS
2747,N776RB,L2J,OTHERS
2748,N776SK,L2J,OTHERS
2749,N7777B,L2J,OTHERS
2750,N777AX,L2J,OTHERS
2751,N777JZ,L1T,OTHERS
2752,N778QS,L2J,OTHERS
2753,N778SK,L2J,OTHERS
2754,N779QS,L2J,OTHERS
2755,N779SK,L2J,OTHERS
2756,N780SK,L2J,OTHERS
2757,N781QS,L2J,OTHERS
2758,N782QS,L2J,OTHERS
2759,N782SK,L2J,OTHERS
2760,N783QS,L2J,OTHERS
2761,N783SK,L2J,OTHERS
2762,N783SL,L3J,OTHERS
2763,N783TW,L2J,OTHERS
2764,N784QS,L2J,OTHERS
2765,N784SK,L2J,OTHERS
2766,N785AF,L1T,OTHERS
2767,N785SK,L2J,OTHERS
2768,N786QS,L2J,OTHERS
2769,N786SK,L2J,OTHERS
2770,N787QS,L2J,OTHERS
2771,N787SK,L2J,OTHERS
2772,N788SK,L2J,OTHERS
2773,N789QS,L2J,OTHERS
2774,N789SK,L2J,OTHERS
2775,N790QS,L2J,OTHERS
2776,N790SK,L2J,OTHERS
2777,N791MH,L1P,OTHERS
2778,N791QS,L2J,OTHERS
2779,N791SK,L2J,OTHERS
2780,N792SK,L2J,OTHERS
2781,N793CJ,L2J,OTHERS
2782,N793QS,L2J,OTHERS
2783,N793SK,L2J,OTHERS
2784,N794SK,L2J,OTHERS
2785,N795QS,L2J,OTHERS
2786,N795SK,L2J,OTHERS
2787,N796QS,L2J,OTHERS
2788,N796SK,L2J,OTHERS
2789,N797BD,L2J,OTHERS
2790,N797CX,L2J,OTHERS
2791,N797QS,L2J,OTHERS
2792,N797SK,L2J,OTHERS
2793,N798QS,L2J,OTHERS
2794,N799QS,L2J,OTHERS
2795,N79SE,L2J,OTHERS
2796,N7MR,L3J,OTHERS
2797,N7ZG,L2J,OTHERS
2798,N8000E,L3J,OTHERS
2799,N8001N,L2J,AMERICAN AIRLINES INC
2800,N8009T,L2J,AMERICAN AIRLINES INC
2801,N800AY,L2J,DELTA AIR LINES
2802,N800EA,L2J,OTHERS
2803,N800MT,L2J,OTHERS
2804,N800RG,L2J,OTHERS
2805,N800VR,L2J,OTHERS
2806,N800WD,L2J,OTHERS
2807,N800XM,L2J,OTHERS
2808,N801AY,L2J,DELTA AIR LINES
2809,N801LM,L2J,OTHERS
2810,N801WZ,L2J,OTHERS
2811,N8027D,L2J,AMERICAN AIRLINES INC
2812,N802AW,L2J,OTHERS
2813,N8030F,L2J,AMERICAN AIRLINES INC
2814,N8031M,L2J,AMERICAN AIRLINES INC
2815,N803AW,L2J,OTHERS
2816,N803TJ,L2J,OTHERS
2817,N804AW,L2J,OTHERS
2818,N804TJ,L2J,OTHERS
2819,N804UP,L2T,OTHERS
2820,N805AW,L2J,OTHERS
2821,N805SY,L2J,OTHERS
2822,N805TH,L1T,OTHERS
2823,N805UP,L2T,OTHERS
2824,N806AW,L2J,OTHERS
2825,N806QS,L2J,OTHERS
2826,N806SK,L2J,OTHERS
2827,N807AW,L2J,OTHERS
2828,N807UP,L2T,OTHERS
2829,N808AW,L2J,OTHERS
2830,N808CK,L2J,OTHERS
2831,N808MB,H2T,OTHERS
2832,N808UP,L2T,OTHERS
2833,N809AW,L2J,OTHERS
2834,N809QS,L2J,OTHERS
2835,N809SK,L2J,OTHERS
2836,N80PG,L2J,OTHERS
2837,N80PT,L2J,OTHERS
2838,N810AW,L2J,OTHERS
2839,N811AM,L2J,OTHERS
2840,N811LS,L1T,OTHERS
2841,N812AW,L2J,OTHERS
2842,N813AW,L2J,OTHERS
2843,N813SY,L2J,OTHERS
2844,N814AW,L2J,OTHERS
2845,N814QS,L2J,OTHERS
2846,N815AW,L2J,OTHERS
2847,N815SY,L2J,WELLS FARGO TRUST CO NA TRUSTEE
2848,N816AW,L2J,OTHERS
2849,N816WG,L1T,OTHERS
2850,N817AW,L2J,OTHERS
2851,N817UP,L2T,OTHERS
2852,N818AW,L2J,OTHERS
2853,N818QS,L2J,OTHERS
2854,N819AP,L1P,OTHERS
2855,N819AW,L2J,OTHERS
2856,N819AY,L2J,WELLS FARGO TRUST CO NA TRUSTEE
2857,N819SY,L2J,OTHERS
2858,N820AW,L2J,OTHERS
2859,N820AY,L2J,WELLS FARGO TRUST CO NA TRUSTEE
2860,N820CK,L2J,OTHERS
2861,N820QS,L2J,OTHERS
2862,N821AW,L2J,OTHERS
2863,N821SK,L2J,OTHERS
2864,N821UP,L2T,OTHERS
2865,N822AW,L2J,OTHERS
2866,N822SY,L2J,OTHERS
2867,N823AW,L2J,OTHERS
2868,N823QS,L2J,OTHERS
2869,N823SY,L2J,OTHERS
2870,N823UP,L2T,OTHERS
2871,N824AW,L2J,OTHERS
2872,N824DM,L2J,OTHERS
2873,N825AM,L2J,WELLS FARGO TRUST CO NA TRUSTEE
2874,N825AW,L2J,OTHERS
2875,N825CT,L2J,OTHERS
2876,N826AW,L2J,OTHERS
2877,N826LJ,L2J,OTHERS
2878,N826SK,L2J,BANK OF UTAH TRUSTEE
2879,N826UP,L2T,OTHERS
2880,N827AW,L2J,OTHERS
2881,N828AW,L2J,OTHERS
2882,N828CC,L2J,OTHERS
2883,N828UP,L2T,OTHERS
2884,N829AW,L2J,OTHERS
2885,N82CA,L3J,OTHERS
2886,N82SB,L1T,OTHERS
2887,N830AW,L2J,OTHERS
2888,N830QS,L2J,OTHERS
2889,N830UP,L2T,OTHERS
2890,N831AW,L2J,OTHERS
2891,N832AW,L2J,OTHERS
2892,N832AY,L2J,WELLS FARGO TRUST CO NA TRUSTEE
2893,N832JS,L2J,OTHERS
2894,N833AW,L2J,OTHERS
2895,N833AY,L2J,WELLS FARGO TRUST CO NA TRUSTEE
2896,N833UP,L2T,OTHERS
2897,N834AW,L2J,OTHERS
2898,N834AY,L2J,WELLS FARGO TRUST CO NA TRUSTEE
2899,N834UP,L2T,OTHERS
2900,N835AW,L2J,OTHERS
2901,N835AY,L2J,WELLS FARGO TRUST CO NA TRUSTEE
2902,N836AW,L2J,OTHERS
2903,N836AY,L2J,WELLS FARGO TRUST CO NA TRUSTEE
2904,N837AW,L2J,OTHERS
2905,N837RE,L2J,OTHERS
2906,N837UP,L2T,OTHERS
2907,N838AW,L2J,OTHERS
2908,N838SB,L2J,BANK OF UTAH TRUSTEE
2909,N839AW,L2J,AMERICAN AIRLINES INC
2910,N839UP,L2T,OTHERS
2911,N8400E,L3J,OTHERS
2912,N840AW,L2J,AMERICAN AIRLINES INC
2913,N840AY,L2J,WELLS FARGO TRUST CO NA TRUSTEE
2914,N842A,L2J,OTHERS
2915,N842UP,L2T,OTHERS
2916,N843JS,L2J,OTHERS
2917,N843UP,L2T,OTHERS
2918,N845AM,L2J,WELLS FARGO TRUST CO NA TRUSTEE
2919,N847JS,L2J,OTHERS
2920,N847UP,L2T,OTHERS
2921,N849SA,L1T,OTHERS
2922,N850EC,L2J,OTHERS
2923,N850PA,L1T,OTHERS
2924,N850RA,L3J,OTHERS
2925,N850SA,L1T,OTHERS
2926,N850UP,L2T,OTHERS
2927,N851NN,L2J,OTHERS
2928,N852CD,L1P,OTHERS
2929,N854AS,L2J,OTHERS
2930,N854FL,L2J,OTHERS
2931,N854UP,L2T,OTHERS
2932,N855RW,L2J,REPUBLIC AIRWAYS INC
2933,N855UP,L2T,OTHERS
2934,N856AS,L2J,OTHERS
2935,N856RW,L2J,OTHERS
2936,N856UP,L2T,OTHERS
2937,N857RW,L2J,REPUBLIC AIRWAYS INC
2938,N857UP,L2T,OTHERS
2939,N858RW,L2J,OTHERS
2940,N858UP,L2T,OTHERS
2941,N859RW,L2J,OTHERS
2942,N859UP,L2T,OTHERS
2943,N85CC,L2J,OTHERS
2944,N85D,L2J,OTHERS
2945,N861RW,L2J,OTHERS
2946,N862RW,L2J,OTHERS
2947,N863RW,L2J,OTHERS
2948,N864RW,L2J,OTHERS
2949,N865RW,L2J,OTHERS
2950,N867RW,L2J,REPUBLIC AIRWAYS INC
2951,N868AS,L2J,OTHERS
2952,N8694A,L2J,DELTA AIR LINES
2953,N869RW,L2J,REPUBLIC AIRWAYS INC
2954,N86CW,L2J,OTHERS
2955,N870RW,L2J,OTHERS
2956,N871RW,L2J,REPUBLIC AIRWAYS INC
2957,N872DC,L2J,OTHERS
2958,N872RW,L2J,OTHERS
2959,N873UP,L2T,OTHERS
2960,N875AM,L2J,WELLS FARGO TRUST CO NA TRUSTEE
2961,N875AS,L2J,OTHERS
2962,N876AS,L2J,OTHERS
2963,N877AS,L2J,OTHERS
2964,N8783E,L2J,DELTA AIR LINES
2965,N879AS,L2J,OTHERS
2966,N87RB,L2J,OTHERS
2967,N881YV,L2J,BANK OF UTAH TRUSTEE
2968,N8836A,L2J,DELTA AIR LINES
2969,N8837B,L2J,DELTA AIR LINES
2970,N8839E,L2J,DELTA AIR LINES
2971,N883EA,L2T,OTHERS
2972,N883UP,L2T,OTHERS
2973,N8847A,L2J,DELTA AIR LINES
2974,N885M,L2J,OTHERS
2975,N8869B,L2J,DELTA AIR LINES
2976,N8877A,L2J,DELTA AIR LINES
2977,N888HE,L2J,OTHERS
2978,N888KJ,L2J,OTHERS
2979,N888PK,L1T,OTHERS
2980,N888YC,L2J,OTHERS
2981,N8894A,L2J,DELTA AIR LINES
2982,N8896A,L2J,DELTA AIR LINES
2983,N889AS,L2J,OTHERS
2984,N88C,L2J,OTHERS
2985,N8908D,L2J,DELTA AIR LINES
2986,N8918B,L2J,DELTA AIR LINES
2987,N891EA,L2T,OTHERS
2988,N8928A,L2J,WELLS FARGO TRUST CO NA TRUSTEE
2989,N8932C,L2J,DELTA AIR LINES
2990,N8933B,L2J,DELTA AIR LINES
2991,N8936A,L2J,DELTA AIR LINES
2992,N893AT,L2J,WELLS FARGO TRUST CO NA TRUSTEE
2993,N8942A,L2J,WELLS FARGO TRUST CO NA TRUSTEE
2994,N895BB,L2J,OTHERS
2995,N8965E,L2J,WELLS FARGO TRUST CO NA TRUSTEE
2996,N8968E,L2J,DELTA AIR LINES
2997,N896AT,L2J,WELLS FARGO TRUST CO NA TRUSTEE
2998,N8970D,L2J,DELTA AIR LINES
2999,N8974C,L2J,WELLS FARGO TRUST CO NA TRUSTEE
3000,N8976E,L2J,WELLS FARGO TRUST CO NA TRUSTEE
3001,N897SK,L2J,OTHERS
3002,N8986B,L2J,WELLS FARGO TRUST CO NA TRUSTEE
3003,N898MW,L2J,OTHERS
3004,N899SK,L2J,OTHERS
3005,N8X,L3J,OTHERS
3006,N90024,L2J,WELLS FARGO TRUST CO NA TRUSTEE
3007,N9002U,L2J,AMERICAN AIRLINES INC
3008,N9004F,L2J,AMERICAN AIRLINES INC
3009,N9006,L2J,AMERICAN AIRLINES INC
3010,N900AE,L2J,AMERICAN AIRLINES INC
3011,N900JG,L3J,OTHERS
3012,N900LC,L3J,OTHERS
3013,N900NH,L2J,OTHERS
3014,N900NP,L1T,OTHERS
3015,N9010R,L2J,WELLS FARGO TRUST CO NA TRUSTEE
3016,N9011P,L2J,OTHERS
3017,N9012,L2J,AMERICAN AIRLINES INC
3018,N9013A,L2J,OTHERS
3019,N9015D,L2J,OTHERS
3020,N9016,L2J,OTHERS
3021,N9017P,L2J,WELLS FARGO TRUST CO NA TRUSTEE
3022,N9018E,L2J,WELLS FARGO TRUST CO NA TRUSTEE
3023,N9019F,L2J,OTHERS
3024,N901SC,L2J,OTHERS
3025,N901XJ,L2J,DELTA AIR LINES
3026,N9022G,L2J,WELLS FARGO TRUST CO NA TRUSTEE
3027,N9023N,L2J,WELLS FARGO TRUST CO NA TRUSTEE
3028,N9025B,L2J,WELLS FARGO TRUST CO NA TRUSTEE
3029,N9026C,L2J,AMERICAN AIRLINES INC
3030,N9029F,L2J,AMERICAN AIRLINES INC
3031,N902BC,L2J,AMERICAN AIRLINES INC
3032,N902FH,L2J,OTHERS
3033,N902XJ,L2J,DELTA AIR LINES
3034,N903XJ,L2J,DELTA AIR LINES
3035,N904XJ,L2J,DELTA AIR LINES
3036,N905EV,L2J,OTHERS
3037,N905G,L2J,BANK OF UTAH TRUSTEE
3038,N905JH,L2J,AMERICAN AIRLINES INC
3039,N905XJ,L2J,DELTA AIR LINES
3040,N906AE,L2J,AMERICAN AIRLINES INC
3041,N906AS,L2J,OTHERS
3042,N906XJ,L2J,DELTA AIR LINES
3043,N907AE,L2J,AMERICAN AIRLINES INC
3044,N907XJ,L2J,DELTA AIR LINES
3045,N908AE,L2J,AMERICAN AIRLINES INC
3046,N908EV,L2J,OTHERS
3047,N908SW,L2J,OTHERS
3048,N908XJ,L2J,DELTA AIR LINES
3049,N909AE,L2J,AMERICAN AIRLINES INC
3050,N909EV,L2J,OTHERS
3051,N909SW,L2J,OTHERS
3052,N909XJ,L2J,DELTA AIR LINES
3053,N90FX,L2J,OTHERS
3054,N910CF,L2J,OTHERS
3055,N910TB,L1T,OTHERS
3056,N910XJ,L2J,DELTA AIR LINES
3057,N912SW,L2J,OTHERS
3058,N913AF,L1T,OTHERS
3059,N913EV,L2J,OTHERS
3060,N914EV,L2J,OTHERS
3061,N914XJ,L2J,DELTA AIR LINES
3062,N915EV,L2J,OTHERS
3063,N915XJ,L2J,DELTA AIR LINES
3064,N916XJ,L2J,DELTA AIR LINES
3065,N917MM,L2J,OTHERS
3066,N917MS,L2J,OTHERS
3067,N917W,L2J,OTHERS
3068,N917XA,L2J,OTHERS
3069,N917XJ,L2J,DELTA AIR LINES
3070,N918AE,L2J,AMERICAN AIRLINES INC
3071,N918PT,L2J,OTHERS
3072,N918ST,L2J,OTHERS
3073,N918TB,L2J,OTHERS
3074,N918US,L2J,AMERICAN AIRLINES INC
3075,N919AT,L2J,OTHERS
3076,N919CH,L2J,OTHERS
3077,N919HP,L2T,OTHERS
3078,N919XJ,L2J,DELTA AIR LINES
3079,N91AM,L1P,OTHERS
3080,N91CW,L2J,OTHERS
3081,N91GJ,L2J,OTHERS
3082,N91JS,L2J,OTHERS
3083,N920EV,L2J,OTHERS
3084,N920PD,H2T,OTHERS
3085,N921AT,L2J,OTHERS
3086,N921XJ,L2J,DELTA AIR LINES
3087,N922AE,L2J,AMERICAN AIRLINES INC
3088,N922XJ,L2J,DELTA AIR LINES
3089,N923AE,L2J,AMERICAN AIRLINES INC
3090,N923AT,L2J,WELLS FARGO TRUST CO NA TRUSTEE
3091,N923SW,L2J,OTHERS
3092,N923XJ,L2J,DELTA AIR LINES
3093,N924AT,L2J,OTHERS
3094,N924EV,L2J,DELTA AIR LINES
3095,N924SW,L2J,OTHERS
3096,N924XJ,L2J,DELTA AIR LINES
3097,N925AE,L2J,AMERICAN AIRLINES INC
3098,N925AT,L2J,OTHERS
3099,N925XJ,L2J,DELTA AIR LINES
3100,N926AT,L2J,WELLS FARGO TRUST CO NA TRUSTEE
3101,N926SW,L2J,OTHERS
3102,N926TF,L2J,OTHERS
3103,N926XJ,L2J,DELTA AIR LINES
3104,N927AT,L2J,WELLS FARGO TRUST CO NA TRUSTEE
3105,N927EV,L2J,DELTA AIR LINES
3106,N927XJ,L2J,DELTA AIR LINES
3107,N928AE,L2J,AMERICAN AIRLINES INC
3108,N928AT,L2J,WELLS FARGO TRUST CO NA TRUSTEE
3109,N928SB,L1T,OTHERS
3110,N928XJ,L2J,DELTA AIR LINES
3111,N929AT,L2J,WELLS FARGO TRUST CO NA TRUSTEE
3112,N929SW,L2J,OTHERS
3113,N929XJ,L2J,DELTA AIR LINES
3114,N92MK,L2J,BANK OF UTAH TRUSTEE
3115,N92RX,L2J,OTHERS
3116,N92TH,L2J,OTHERS
3117,N93003,L2J,WELLS FARGO TRUST CO NA TRUSTEE
3118,N930AT,L2J,WELLS FARGO TRUST CO NA TRUSTEE
3119,N930EV,L2J,OTHERS
3120,N930SW,L2J,OTHERS
3121,N930XJ,L2J,DELTA AIR LINES
3122,N930Y,L1T,OTHERS
3123,N930YY,L1T,OTHERS
3124,N931AE,L2J,AMERICAN AIRLINES INC
3125,N931XJ,L2J,DELTA AIR LINES
3126,N932AE,L2J,AMERICAN AIRLINES INC
3127,N932AT,L2J,WELLS FARGO TRUST CO NA TRUSTEE
3128,N932EV,L2J,OTHERS
3129,N932SW,L2J,OTHERS
3130,N932XJ,L2J,DELTA AIR LINES
3131,N933AT,L2J,WELLS FARGO TRUST CO NA TRUSTEE
3132,N933JN,L2J,AMERICAN AIRLINES INC
3133,N934AT,L2J,WELLS FARGO TRUST CO NA TRUSTEE
3134,N935AE,L2J,AMERICAN AIRLINES INC
3135,N935AT,L2J,DELTA AIR LINES
3136,N935XJ,L2J,DELTA AIR LINES
3137,N936AT,L2J,WELLS FARGO TRUST CO NA TRUSTEE
3138,N936XJ,L2J,DELTA AIR LINES
3139,N937AT,L2J,OTHERS
3140,N937EV,L2J,OTHERS
3141,N938AT,L2J,WELLS FARGO TRUST CO NA TRUSTEE
3142,N938NN,L2J,BANK OF UTAH TRUSTEE
3143,N939AE,L2J,AMERICAN AIRLINES INC
3144,N939AT,L2J,WELLS FARGO TRUST CO NA TRUSTEE
3145,N939SW,L2J,OTHERS
3146,N93FX,L2J,OTHERS
3147,N940AT,L2J,DELTA AIR LINES
3148,N941LT,L2J,AMERICAN AIRLINES INC
3149,N942AT,L2J,DELTA AIR LINES
3150,N942LL,L2J,AMERICAN AIRLINES INC
3151,N943AT,L2J,DELTA AIR LINES
3152,N943EL,L2J,OTHERS
3153,N943SW,L2J,OTHERS
3154,N944AT,L2J,DELTA AIR LINES
3155,N945AT,L2J,DELTA AIR LINES
3156,N946AT,L2J,DELTA AIR LINES
3157,N946SW,L2J,OTHERS
3158,N947AT,L2J,DELTA AIR LINES
3159,N947EL,L2J,OTHERS
3160,N947SW,L2J,OTHERS
3161,N948AT,L2J,DELTA AIR LINES
3162,N949AT,L2J,DELTA AIR LINES
3163,N94GP,L2J,OTHERS
3164,N950AM,L2J,OTHERS
3165,N950AT,L2J,DELTA AIR LINES
3166,N950X,L3J,OTHERS
3167,N951AT,L2J,WELLS FARGO TRUST CO NA TRUSTEE
3168,N951CM,L2J,OTHERS
3169,N952AT,L2J,WELLS FARGO TRUST CO NA TRUSTEE
3170,N952PM,L1T,OTHERS
3171,N953AT,L2J,WELLS FARGO TRUST CO NA TRUSTEE
3172,N954AT,L2J,WELLS FARGO TRUST CO NA TRUSTEE
3173,N954SW,L2J,OTHERS
3174,N955AF,L1T,OTHERS
3175,N955AT,L2J,WELLS FARGO TRUST CO NA TRUSTEE
3176,N955GH,L2J,OTHERS
3177,N957AM,L2J,OTHERS
3178,N957BJ,L2J,OTHERS
3179,N958AM,L2J,OTHERS
3180,N958SW,L2J,OTHERS
3181,N959AF,L1T,OTHERS
3182,N959CR,L2J,OTHERS
3183,N959SW,L2J,OTHERS
3184,N960SW,L2J,OTHERS
3185,N9612B,L1T,OTHERS
3186,N961SW,L2J,OTHERS
3187,N962A,L2J,OTHERS
3188,N962SW,L2J,OTHERS
3189,N963AT,L2J,WELLS FARGO TRUST CO NA TRUSTEE
3190,N963SW,L2J,OTHERS
3191,N964AT,L2J,WELLS FARGO TRUST CO NA TRUSTEE
3192,N965AT,L2J,WELLS FARGO TRUST CO NA TRUSTEE
3193,N965SW,L2J,OTHERS
3194,N966AT,L2J,WELLS FARGO TRUST CO NA TRUSTEE
3195,N968BS,L2J,OTHERS
3196,N96UA,L2J,OTHERS
3197,N96UJ,L3J,OTHERS
3198,N970AT,L2J,WELLS FARGO TRUST CO NA TRUSTEE
3199,N970SW,L2J,OTHERS
3200,N971AT,L2J,WELLS FARGO TRUST CO NA TRUSTEE
3201,N971SW,L2J,OTHERS
3202,N974AT,L2J,WELLS FARGO TRUST CO NA TRUSTEE
3203,N975SW,L2J,WELLS FARGO TRUST CO NA TRUSTEE
3204,N977AF,L2J,OTHERS
3205,N977AT,L2J,WELLS FARGO TRUST CO NA TRUSTEE
3206,N977CB,L2J,OTHERS
3207,N978AT,L2J,WELLS FARGO TRUST CO NA TRUSTEE
3208,N978FD,L2J,OTHERS
3209,N979AT,L2J,WELLS FARGO TRUST CO NA TRUSTEE
3210,N979RF,L2J,OTHERS
3211,N979RP,L2J,OTHERS
3212,N980AT,L2J,WELLS FARGO TRUST CO NA TRUSTEE
3213,N980EV,L2J,DELTA AIR LINES
3214,N981AT,L2J,WELLS FARGO TRUST CO NA TRUSTEE
3215,N982AT,L2J,WELLS FARGO TRUST CO NA TRUSTEE
3216,N982MM,L1P,OTHERS
3217,N982SW,L2J,WELLS FARGO TRUST CO NA TRUSTEE
3218,N983AT,L2J,WELLS FARGO TRUST CO NA TRUSTEE
3219,N983J,L2J,OTHERS
3220,N983SW,L2J,WELLS FARGO TRUST CO NA TRUSTEE
3221,N985AT,L2J,OTHERS
3222,N986AT,L2J,OTHERS
3223,N986SW,L2J,WELLS FARGO TRUST CO NA TRUSTEE
3224,N987RL,H1T,OTHERS
3225,N988AT,L2J,DELTA AIR LINES
3226,N988NW,L3J,OTHERS
3227,N989AT,L2J,DELTA AIR LINES
3228,N98AD,L2J,OTHERS
3229,N98LT,L2J,OTHERS
3230,N990AT,L2J,DELTA AIR LINES
3231,N990H,L2J,OTHERS
3232,N990LC,L2J,OTHERS
3233,N990MM,L3J,OTHERS
3234,N991AT,L2J,DELTA AIR LINES
3235,N993AT,L2J,WELLS FARGO TRUST CO NA TRUSTEE
3236,N994AT,L2J,DELTA AIR LINES
3237,N995AT,L2J,DELTA AIR LINES
3238,N995DP,L2J,OTHERS
3239,N996AT,L2J,DELTA AIR LINES
3240,N997AA,L2J,OTHERS
3241,N997AT,L2J,DELTA AIR LINES
3242,N998AT,L2J,DELTA AIR LINES
3243,N998CX,L2J,OTHERS
3244,N999GC,L2J,OTHERS
3245,OE-IIX,L2J,OTHERS
3246,OE-IXG,L2J,OTHERS
3247,OE-LAE,L2J,OTHERS
3248,OE-LAY,L2J,OTHERS
3249,OE-LAZ,L2J,OTHERS
3250,OH-LWA,L2J,OTHERS
3251,OH-LWB,L2J,OTHERS
3252,OH-LWC,L2J,OTHERS
3253,OH-LWG,L2J,OTHERS
3254,OO-ACF,L4J,OTHERS
3255,OO-AIE,FA7X,OTHERS
3256,OY-JJJ,L2J,OTHERS
3257,OY-RAB,L3J,OTHERS
3258,OY-RAD,L3J,OTHERS
3259,OY-VIK,L3J,OTHERS
3260,OY-WLD,L2J,OTHERS
3261,P4-KCC,L2J,OTHERS
3262,P4-KUL,L2J,OTHERS
3263,P4-RYY,L2J,OTHERS
3264,PH-AKA,L2J,OTHERS
3265,PH-AKB,L2J,OTHERS
3266,PH-AOA,L2J,OTHERS
3267,PH-AOB,L2J,OTHERS
3268,PH-AOC,L2J,OTHERS
3269,PH-AOD,L2J,OTHERS
3270,PH-AOE,L2J,OTHERS
3271,PH-AOF,L2J,OTHERS
3272,PH-BKD,L2J,OTHERS
3273,PH-BQP,L2J,OTHERS
3274,PH-DTF,L3J,OTHERS
3275,PH-TLP,L3J,OTHERS
3276,RA-76511,L4J,OTHERS
3277,SP-ENV,L2J,OTHERS
3278,SP-NVM,L2J,OTHERS
3279,T7-7AA,L2J,OTHERS
3280,TC-JNH,L2J,OTHERS
3281,TC-JNI,L2J,OTHERS
3282,TC-JNM,L2J,OTHERS
3283,TC-JNO,L2J,OTHERS
3284,TC-JNR,L2J,OTHERS
3285,TC-JNS,L2J,OTHERS
3286,TC-JNT,L2J,OTHERS
3287,TC-JNZ,L2J,OTHERS
3288,TC-JOA,L2J,OTHERS
3289,TC-JOB,L2J,OTHERS
3290,TC-JOE,L2J,OTHERS
3291,TC-JOF,L2J,OTHERS
3292,TC-JOG,L2J,OTHERS
3293,TC-JOH,L2J,OTHERS
3294,TC-JOI,L2J,OTHERS
3295,TC-JOJ,L2J,OTHERS
3296,TC-JOK,L2J,OTHERS
3297,TC-JOL,L2J,OTHERS
3298,TC-LGA,L2J,OTHERS
3299,TC-LGB,L2J,OTHERS
3300,TC-LGC,L2J,OTHERS
3301,TC-LGF,L2J,OTHERS
3302,TC-LGG,L2J,OTHERS
3303,TC-LGI,L2J,OTHERS
3304,TC-LNC,L2J,OTHERS
3305,TC-LNE,L2J,OTHERS
3306,TC-LNF,L2J,OTHERS
3307,TF-FIG,L2J,OTHERS
3308,TF-FIH,L2J,OTHERS
3309,TF-ICE,L2J,OTHERS
3310,TF-ICN,L2J,OTHERS
3311,TF-ICO,L2J,OTHERS
3312,TF-ICP,L2J,OTHERS
3313,TF-ICU,L2J,OTHERS
3314,TF-ICY,L2J,OTHERS
3315,TS-IFM,L2J,OTHERS
3316,TS-IFN,L2J,OTHERS
3317,UR-82060,L6J,OTHERS
3318,UR-82072,L4J,OTHERS
3319,UR-CBG,L4T,OTHERS
3320,UR-CEZ,L4T,OTHERS
3321,UR-CGV,L4T,OTHERS
3322,UR-CKL,L4T,OTHERS
3323,UR-CNN,L4T,OTHERS
3324,UR-CNT,L4T,OTHERS
3325,VH-TGG,L2J,OTHERS
3326,VP-BVG,L2J,OTHERS
3327,VQ-BBH,L4J,OTHERS
3328,VQ-BVB,L4J,OTHERS
3329,XA-AAN,L1P,OTHERS
3330,XA-AMA,L2J,OTHERS
3331,XA-AMB,L2J,OTHERS
3332,XA-AMC,L2J,OTHERS
3333,XA-AME,L2J,OTHERS
3334,XA-AMG,L2J,OTHERS
3335,XA-AMJ,L2J,OTHERS
3336,XA-AMK,L2J,OTHERS
3337,XA-AML,L2J,OTHERS
3338,XA-AMM,L2J,OTHERS
3339,XA-AMN,L2J,OTHERS
3340,XA-AMO,L2J,OTHERS
3341,XA-AMS,L2J,OTHERS
3342,XA-AMU,L2J,OTHERS
3343,XA-AMV,L2J,OTHERS
3344,XA-CZG,L2J,OTHERS
3345,XA-DRC,L2J,OTHERS
3346,XA-FLB,L2J,OTHERS
3347,XA-GJC,L2J,OTHERS
3348,XA-IBC,L2J,OTHERS
3349,XA-JOY,L2J,OTHERS
3350,XA-RIN,L1P,OTHERS
3351,XA-UOG,L2J,OTHERS
3352,XA-UQT,L2J,OTHERS
3353,XA-ZAM,L2J,OTHERS
3354,YI-ARF,L2J,OTHERS
3355,YL-ABG ,L2J,OTHERS
3356,YL-ABH,L2J,OTHERS
