,airportIn,airportOut,company,number
8,CYUL,CYUL,OTHERS,1148
15,CYUL,CNV9,OTHERS,949
50,CYUL,CNV9,JAZZ AVIATION LP,307
52,CYUL,CYUL,AIR CANADA,288
62,CYUL,CYUL,JAZZ AVIATION LP,264
64,CYUY,CYUL,OTHERS,248
65,CYUL,CYQB,OTHERS,246
66,CYUL,CTR6,OTHERS,245
69,CYUL,CYUL,AIR TRANSAT,234
71,CYUL,CYQB,AIR CANADA,230
85,CYUY,CYUL,JAZZ AVIATION LP,193
101,CYUL,CYHU,OTHERS,175
110,CYHU,CST7,OTHERS,165
112,CYHU,CZBM,OTHERS,161
123,CYUL,CNV9,AIR CANADA,151
128,CYUL,CTR6,AIR CANADA,147
132,CZBM,CYHU,OTHERS,144
154,CYUL,CYUL,SUNWING AIRLINES INC.,124
155,CYHU,CYUL,OTHERS,121
161,CYHU,CSH5,OTHERS,114
168,CYRQ,CYHU,OTHERS,106
175,CYUL,CTR6,JAZZ AVIATION LP,102
176,CYHU,CSR3,OTHERS,101
180,CYHU,CYRQ,OTHERS,96
182,CYUL,CYQB,JAZZ AVIATION LP,95
191,CYUL,CYUY,JAZZ AVIATION LP,92
211,CYMX,CYHU,OTHERS,79
220,CYHU,CSM3,OTHERS,76
230,CYUL,CYUY,OTHERS,70
233,CYHU,CSC3,OTHERS,69
237,CYUL,CYMX,OTHERS,69
248,CYHU,CYSC,OTHERS,65
251,CYMX,CYUL,OTHERS,64
252,CYHU,CYMX,OTHERS,63
256,CNV9,CYUL,OTHERS,61
262,CYHU,CNV9,OTHERS,60
264,CNV9,CYHU,OTHERS,59
268,CYVB,CYHU,OTHERS,58
269,CYSC,CYHU,OTHERS,58
271,CYHU,CSJ4,OTHERS,57
275,CYJN,CYUL,OTHERS,55
277,CZBM,CYUL,OTHERS,53
288,CYUL,CNV9,AIR TRANSAT,50
289,CSR3,CYHU,OTHERS,50
290,CYHU,CSZ4,OTHERS,50
314,CYMX,CNV9,OTHERS,46
315,CNV9,CYUL,AIR CANADA,45
316,CYUL,CYJN,OTHERS,45
319,CYUL,CZBM,OTHERS,44
320,CYHU,CES2,OTHERS,44
326,CYHU,CYVB,OTHERS,42
329,CYUL,CSN3,OTHERS,42
331,CYHU,CSY3,OTHERS,41
334,CYUL,CNV9,SKYSERVICE BUSINESS AVIATION INC./SKYSERVICE AVIATION D'AFFAIRES INC.,40
340,CYUY,CYUL,AIR GEORGIAN LIMITED,39
346,CZBM,CSR3,OTHERS,39
356,CYND,CYHU,OTHERS,37
357,CSR3,CZBM,OTHERS,36
358,CYMX,CTR6,OTHERS,36
362,CYRQ,CYUL,OTHERS,39
364,CSC3,CYHU,OTHERS,36
374,CZBM,CSQ3,OTHERS,34
376,CYUL,CYRQ,OTHERS,37
378,CYMX,CSZ3,OTHERS,33
389,CYUL,CSK5,JAZZ AVIATION LP,31
394,CYUL,CSZ3,OTHERS,30
397,CYMX,CSA2,OTHERS,29
398,CYHU,CSG3,OTHERS,29
399,CSG3,CSM5,OTHERS,29
400,CYHU,CYND,OTHERS,29
401,CYHU,CSE4,OTHERS,29
404,CYSC,CZBM,OTHERS,28
407,CSZ3,CSA2,OTHERS,28
412,CYRQ,CYMX,OTHERS,28
419,CSE4,CYHU,OTHERS,27
423,CYHU,CSQ3,OTHERS,27
429,CYUL,CYUL,SKYSERVICE BUSINESS AVIATION INC./SKYSERVICE AVIATION D'AFFAIRES INC.,26
431,CYUL,CSJ4,OTHERS,32
432,CYUL,CNV9,AIR GEORGIAN LIMITED,26
433,CSE4,CYCC,OTHERS,26
434,CSY3,CYHU,OTHERS,26
438,CYND,CSC3,OTHERS,25
447,CYMX,CSJ4,OTHERS,25
448,CYUL,CTR6,AIR TRANSAT,25
451,CSB3,CYSC,OTHERS,24
453,CYQB,CYUL,AIR CANADA,24
457,CYCC,CSE4,OTHERS,24
462,CSA2,CSZ3,OTHERS,24
463,CSG3,CYHU,OTHERS,24
471,CYUL,CSJ5,OTHERS,23
472,CSA2,CLA2,OTHERS,23
473,CSA2,CYMX,OTHERS,23
475,CYHU,CSB3,OTHERS,23
477,CYHU,CSK4,OTHERS,22
479,CYJN,CZBM,OTHERS,22
480,CSA2,CSJ4,OTHERS,22
482,CYUL,CTR6,SUNWING AIRLINES INC.,22
484,CYHU,CSU3,OTHERS,22
486,CYMX,CSY3,OTHERS,22
487,CYHU,CYJN,OTHERS,22
490,CYUL,CYUL,AVIATION STARLINK INC.,22
491,CYUL,CYQB,AIR TRANSAT,21
494,CZBM,CYSC,OTHERS,21
500,CYMX,CYFJ,OTHERS,21
501,CSC3,CSR3,OTHERS,21
502,CYUL,CYUY,AIR GEORGIAN LIMITED,21
507,CZBM,CYJN,OTHERS,21
510,CYMX,CSY4,OTHERS,20
517,CYJN,CYHU,OTHERS,20
518,CSA2,CSY4,OTHERS,20
521,CYSC,CSC3,OTHERS,20
523,CYUL,CTR6,SKYSERVICE BUSINESS AVIATION INC./SKYSERVICE AVIATION D'AFFAIRES INC.,20
524,CYUL,CNV9,AVIATION STARLINK INC.,20
525,CSB3,CYHU,OTHERS,20
526,CYMX,CZBM,OTHERS,20
527,CSC3,CYSC,OTHERS,20
531,CYUL,CSR3,OTHERS,24
533,CYQB,CYUL,OTHERS,20
536,CNV9,CYMX,OTHERS,19
540,CSU3,CYHU,OTHERS,19
541,CSJ4,CYHU,OTHERS,19
543,CSG3,CYMX,OTHERS,19
544,CSB3,CSC3,OTHERS,19
545,CYUL,CTE5,OTHERS,19
546,CYCC,CST3,OTHERS,19
547,CYUL,CYFJ,OTHERS,19
548,CSY3,CSA2,OTHERS,19
550,CSC3,CYND,OTHERS,19
552,CYUL,CNV9,SUNWING AIRLINES INC.,19
555,CYUL,CTR6,AIR GEORGIAN LIMITED,18
560,CYHU,CCP3,OTHERS,18
561,CYUL,CYUL,SKY REGIONAL AIRLINES INC. /LIGNES AÃ‰RIENNES SKY REGIONAL INC.,18
562,CYMX,CSG3,OTHERS,18
563,CYCC,CDD3,OTHERS,18
564,CSC3,CSQ3,OTHERS,18
568,CSM3,CYHU,OTHERS,18
572,CNV9,CYUL,JAZZ AVIATION LP,17
576,CSQ3,CSC3,OTHERS,17
586,CYHU,CYMW,OTHERS,17
590,CYUL,CYSC,OTHERS,17
593,CZBM,CSC3,OTHERS,16
596,CYUL,CYGP,OTHERS,16
598,CYUL,CSE4,OTHERS,16
602,CSZ3,CYMX,OTHERS,16
604,CSU3,CZBM,OTHERS,16
606,CZBM,CYMX,OTHERS,16
608,CZBM,CSU3,OTHERS,16
610,CYJN,CSA2,OTHERS,16
611,CSZ3,CYUL,OTHERS,16
615,CST3,CYCC,OTHERS,16
617,CYUL,CSK5,OTHERS,16
618,CSC3,CSB3,OTHERS,16
619,CSB3,CSY3,OTHERS,15
620,CYSC,CSB3,OTHERS,15
621,CYRQ,CSB3,OTHERS,15
623,CYHU,CST7,AIR GEORGIAN LIMITED,15
631,CSN3,CYUL,OTHERS,15
636,CSY4,CSA2,OTHERS,15
639,CYND,CTR6,OTHERS,15
640,CYZV,CYUL,OTHERS,15
641,CYRQ,CSC3,OTHERS,15
644,CSY3,CYMX,OTHERS,15
645,CZBM,CSB3,OTHERS,15
648,CYMX,CYRQ,OTHERS,14
654,CYHU,CSZ3,OTHERS,14
656,CYMX,CYQB,OTHERS,14
658,CSJ4,CYRQ,OTHERS,14
659,CSA2,CYJN,OTHERS,14
662,CYRQ,CTR6,OTHERS,14
663,CYHU,CYFJ,OTHERS,14
664,CSC3,CYRQ,OTHERS,14
665,CYFJ,CYUL,AVIATION STARLINK INC.,14
677,CYRQ,CZBM,OTHERS,13
679,CSE4,CSZ3,OTHERS,13
681,CSB3,CZBM,OTHERS,13
683,CYUL,CSY3,OTHERS,16
686,CYMX,CSE4,OTHERS,13
689,CSY4,CYMX,OTHERS,13
692,CYHU,CTR6,OTHERS,13
693,CYMX,CYUL,AIR CANADA,13
694,CZBM,CYRQ,OTHERS,13
699,CSB3,CYUL,OTHERS,13
706,CYMX,CYND,OTHERS,13
708,CYND,CYMX,OTHERS,12
710,CYUL,CSB3,OTHERS,12
711,CSR3,CSC3,OTHERS,12
712,CYUL,CYUL,BANK OF UTAH TRUSTEE,12
715,CYMX,CYSC,OTHERS,12
717,CST3,CYMX,OTHERS,12
719,CYHU,CSL5,OTHERS,12
720,CSY3,CSB3,OTHERS,12
721,CYHU,CSJ5,OTHERS,12
725,CYHU,CYCC,OTHERS,12
733,CYHU,CSY4,OTHERS,12
734,CZBM,CSE4,OTHERS,12
739,CYMX,CLA2,OTHERS,12
743,CYHU,CSD4,OTHERS,12
744,CSB3,CSM3,OTHERS,12
745,CYUL,CSC3,OTHERS,12
747,CSA2,CSG3,OTHERS,12
752,CYCC,CYHU,OTHERS,11
754,CSC3,CZBM,OTHERS,11
755,CSE4,CZBM,OTHERS,11
758,CYMX,CSM5,OTHERS,11
760,CYFJ,CYHU,OTHERS,11
764,CSA2,CSY3,OTHERS,11
769,CSG3,CSA2,OTHERS,11
771,CSC3,CSU3,OTHERS,11
772,CYRQ,CSG3,OTHERS,11
781,CYJN,CSR3,OTHERS,11
784,CYJN,CSE4,OTHERS,11
786,CYMX,CYJN,OTHERS,11
789,CYJN,CSC3,OTHERS,10
791,CSU3,CSC3,OTHERS,10
801,CYUY,CYHU,OTHERS,10
804,CYQB,CYHU,OTHERS,10
812,CYMW,CYHU,OTHERS,10
815,CTA4,CYUL,OTHERS,10
816,CYMX,CST3,OTHERS,10
817,CSA2,CYRQ,OTHERS,10
819,CSB3,CYRQ,OTHERS,10
820,CSE4,CYJN,OTHERS,10
822,CYRQ,CSU3,OTHERS,10
824,CYHU,CYQB,OTHERS,10
825,CSA2,CSM5,OTHERS,10
829,CYRQ,CSJ5,OTHERS,10
831,CSY4,CYHU,OTHERS,10
833,CYUL,CSQ3,OTHERS,10
834,CYHU,CTG3,OTHERS,10
837,CSB3,CSQ3,OTHERS,10
840,CYVB,CTG3,OTHERS,10
842,CSU3,CSR3,OTHERS,10
845,CLA2,CYMX,OTHERS,10
847,CYUL,CYUL,AIR GEORGIAN LIMITED,10
849,CYUL,CYHU,AIRSPRINT INC.,9
851,CSA2,CSN3,OTHERS,9
853,CYHU,CSM5,OTHERS,9
854,CYSC,CSQ3,OTHERS,9
855,CYUL,CSM5,OTHERS,9
857,CSB3,CSR3,OTHERS,9
861,CYMX,CAA2,OTHERS,9
869,CYJN,CYSC,OTHERS,9
879,CYUL,CYQB,SUNWING AIRLINES INC.,9
881,CYUL,CYFJ,AVIATION STARLINK INC.,9
889,CYFJ,CYUL,OTHERS,9
892,CSG3,CSC3,OTHERS,9
894,CYND,CSB3,OTHERS,9
896,CYUL,CTR6,AVIATION STARLINK INC.,9
897,CYJN,CSB3,OTHERS,9
900,CYJN,CYMX,OTHERS,9
903,CYND,CYUL,OTHERS,10
905,CSE4,CYMX,OTHERS,9
907,CSC3,CSJ5,OTHERS,9
909,CSE4,CTR6,OTHERS,9
910,CSB3,CYJN,OTHERS,9
911,CYHU,CSH5,AIR GEORGIAN LIMITED,9
912,CLA2,CYHU,OTHERS,9
913,CSE4,CYUL,OTHERS,9
914,CYND,CSE4,OTHERS,9
917,CCP3,CYHU,OTHERS,9
918,CYUL,CSD4,OTHERS,9
919,CYUL,CSM3,OTHERS,9
921,CYHU,CTE5,OTHERS,9
926,CYUL,CYND,OTHERS,9
931,CYRQ,CSJ4,OTHERS,8
933,CSQ3,CZBM,OTHERS,8
935,CSE4,CAA2,OTHERS,8
939,CYUL,CST7,OTHERS,8
941,CNV9,CSJ5,OTHERS,8
946,CSA2,CSE3,OTHERS,8
950,CYMX,CSC3,OTHERS,8
952,CYHU,CSS4,OTHERS,8
955,CSJ5,CSC3,OTHERS,8
956,CSA2,CSC3,OTHERS,8
962,CZBM,CSH5,OTHERS,8
974,CSY4,CYUL,OTHERS,8
975,CSR3,CYUL,OTHERS,9
976,CYVB,CSJ5,OTHERS,8
979,CYCC,CYMX,OTHERS,8
982,CTR6,CNV9,OTHERS,8
989,CYMX,CSJ5,OTHERS,8
993,CSC3,CYUL,OTHERS,8
997,CSB3,CYMX,OTHERS,8
1000,CYUL,CYVB,OTHERS,8
1010,CSB3,CYND,OTHERS,7
1013,CSY4,CSZ3,OTHERS,7
1016,CYCC,CYJN,OTHERS,7
1018,CYND,CYJN,OTHERS,7
1021,CSP6,CSE4,OTHERS,7
1023,CYUL,CST7,JAZZ AVIATION LP,7
1025,CSB3,CSE4,OTHERS,7
1026,CYSC,CYJN,OTHERS,7
1030,CYRQ,CSE4,OTHERS,7
1032,CYJN,CSU3,OTHERS,7
1035,CYSC,CYRQ,OTHERS,7
1036,CYHU,CLA2,OTHERS,7
1039,CSG3,CYRQ,OTHERS,7
1040,CSC3,CYJN,OTHERS,7
1043,CYHU,CYGP,OTHERS,7
1048,CYUL,CSA2,OTHERS,7
1050,CSB3,CNV9,OTHERS,7
1051,CYPN,CYUL,OTHERS,7
1055,CYND,CAA2,OTHERS,7
1057,CSC3,CTR6,OTHERS,7
1059,CYMX,CSQ3,OTHERS,7
1060,CYZV,CYUL,JAZZ AVIATION LP,7
1061,CYJN,CSQ3,OTHERS,7
1067,CSZ3,CSE4,OTHERS,7
1069,CYHU,CYUL,AIR GEORGIAN LIMITED,7
1071,CYMX,CSB3,OTHERS,7
1074,CSU3,CYSC,OTHERS,7
1075,CSB3,CSH5,OTHERS,7
1078,CSE4,CSC3,OTHERS,7
1079,CYRQ,CYUL,AIR CANADA,7
1087,CSS3,CYCC,OTHERS,6
1090,CSE4,CYFJ,OTHERS,6
1092,CYUL,CSY4,OTHERS,6
1096,CYSC,CSU3,OTHERS,6
1097,CYRQ,CYVB,OTHERS,6
1100,CSA2,CYHU,OTHERS,6
1101,CSZ3,CSY4,OTHERS,6
1102,CSB3,CYFJ,OTHERS,6
1106,CSC3,CSA2,OTHERS,6
1107,CSC3,CSG3,OTHERS,6
1110,CSU3,CSJ4,OTHERS,6
1114,CYSC,CSH5,OTHERS,6
1117,CSA2,CYUL,OTHERS,6
1118,CYUL,CSG5,OTHERS,6
1120,CSJ5,CYUL,OTHERS,6
1123,CSG3,CYND,OTHERS,6
1125,CSB3,CCP3,OTHERS,6
1134,CYUL,CSK5,AIR CANADA,6
1135,CZBM,CSK4,OTHERS,6
1139,CSE4,CSG3,OTHERS,6
1145,CYND,CNV9,OTHERS,6
1147,CSC3,CYMX,OTHERS,6
1149,CSE4,CSB3,OTHERS,6
1150,CYND,CYMW,OTHERS,6
1151,CYHU,CSA2,OTHERS,6
1154,CSJ4,CSA2,OTHERS,6
1156,CSE4,CSD4,OTHERS,6
1157,CSR3,CSE4,OTHERS,6
1159,CSY3,CYUL,OTHERS,6
1163,CYGV,CYUL,OTHERS,6
1167,CYRQ,CYJN,OTHERS,6
1171,CYSC,CYMX,OTHERS,6
1175,CYUL,CYHU,AIR GEORGIAN LIMITED,6
1178,CYUL,CYQB,SKYSERVICE BUSINESS AVIATION INC./SKYSERVICE AVIATION D'AFFAIRES INC.,6
1186,CSE4,CSR3,OTHERS,6
1197,CSR3,CYSC,OTHERS,6
1203,CYJN,CYRQ,OTHERS,5
1210,CYUL,CYMX,AIR CANADA,5
1212,CZBM,CYFJ,OTHERS,5
1214,CYRQ,CNV9,OTHERS,5
1217,CNV9,CTR6,OTHERS,5
1233,CSJ4,CYMX,OTHERS,5
1234,CYMX,CYUL,SKYSERVICE BUSINESS AVIATION INC./SKYSERVICE AVIATION D'AFFAIRES INC.,5
1235,CSU3,CYRQ,OTHERS,5
1236,CYUL,CYQB,AVIATION STARLINK INC.,5
1237,CYFJ,CNV9,OTHERS,5
1238,CSQ3,CYSC,OTHERS,5
1246,CSE4,CYND,OTHERS,5
1248,CAA2,CYMX,OTHERS,5
1253,CZBM,CYCC,OTHERS,5
1255,CYSC,CYND,OTHERS,5
1271,CZBM,CYND,OTHERS,5
1272,CYUL,CYPN,OTHERS,5
1274,CYUL,CYGV,OTHERS,5
1276,CSJ4,CYUL,OTHERS,7
1285,CNV9,CYUL,SKYSERVICE BUSINESS AVIATION INC./SKYSERVICE AVIATION D'AFFAIRES INC.,5
1287,CSB3,CSU3,OTHERS,5
1289,CSY3,CSG3,OTHERS,5
1291,CYRQ,CSY3,OTHERS,5
1293,CSE4,CSN3,OTHERS,5
1294,CSY4,CSM5,OTHERS,5
1295,CSZ3,CYHU,OTHERS,5
1299,CSQ3,CYHU,OTHERS,5
1300,CYUL,CSK4,OTHERS,5
1301,CSJ5,CYHU,OTHERS,5
1302,CSP5,CSZ3,OTHERS,5
1305,CTR6,CSJ5,OTHERS,5
1307,CYJN,CSZ3,OTHERS,5
1308,CSG3,CSJ4,OTHERS,5
1309,CYND,CSZ3,OTHERS,5
1312,CSR3,CSH5,OTHERS,5
1313,CSE4,CSP5,OTHERS,5
1314,CSZ3,CSP5,OTHERS,5
1318,CZBM,CST3,OTHERS,5
1319,CYUL,CST3,OTHERS,5
1320,CYUL,CYHU,BANK OF UTAH TRUSTEE,5
1322,CYND,CST3,OTHERS,5
1326,CYCC,CSS3,OTHERS,5
1329,CSE4,CSS3,OTHERS,5
1330,CSG3,CSY3,OTHERS,5
1333,CSA2,CSR3,OTHERS,5
1334,CSK4,CZBM,OTHERS,5
1336,CYCC,CZBM,OTHERS,5
1340,CSE4,CSP6,OTHERS,5
1345,CSC3,CSE4,OTHERS,5
1347,CSE3,CSA2,OTHERS,5
1348,CSE4,CSA2,OTHERS,5
1349,CSS3,CSE4,OTHERS,5
1353,CSG3,CSE4,OTHERS,5
1354,CYVB,CYUL,OTHERS,5
1355,CSJ4,CSB3,OTHERS,5
1356,CSA2,CSE4,OTHERS,5
1360,CYJN,CSC3,AIR CANADA,5
1365,CSB3,CSG3,OTHERS,5
1369,CSU3,CYJN,OTHERS,5
1371,CYHU,CSZ4,AIR GEORGIAN LIMITED,5
1374,CSJ5,CYMX,OTHERS,4
1376,CYUL,CYUL,PORTER AIRLINES INC.,4
1377,CSJ5,CYRQ,OTHERS,4
1379,CYHU,CYPN,OTHERS,4
1393,CYQB,CYUL,JAZZ AVIATION LP,4
1395,CYMX,CYHU,AIR GEORGIAN LIMITED,4
1400,CSE4,CYRQ,OTHERS,4
1406,CYSC,CYUL,SKYSERVICE BUSINESS AVIATION INC./SKYSERVICE AVIATION D'AFFAIRES INC.,4
1410,CYZV,CYHU,OTHERS,4
1416,CSL5,CYHU,OTHERS,4
1418,CYCC,CYND,OTHERS,4
1419,CSZ3,CYND,OTHERS,4
1420,CSU3,CYND,OTHERS,4
1421,CSH5,CYHU,OTHERS,4
1425,CNV9,CYND,OTHERS,4
1432,CNV9,CYUL,AIR TRANSAT,4
1434,CYVB,CYGP,OTHERS,4
1435,CSS3,CYUL,OTHERS,4
1440,CSM5,CYHU,OTHERS,4
1442,CYRQ,CYND,OTHERS,4
1457,CYUY,CYMX,OTHERS,4
1460,CYHU,CYUL,SKYSERVICE BUSINESS AVIATION INC./SKYSERVICE AVIATION D'AFFAIRES INC.,4
1461,CYZV,CYMX,OTHERS,4
1463,CST3,CYHU,OTHERS,4
1465,CYHU,CYUL,AVIATION STARLINK INC.,4
1467,CSM5,CSY4,OTHERS,4
1469,CYJN,CSK4,OTHERS,4
1475,CYSC,CSJ5,OTHERS,4
1477,CSU3,CSB3,OTHERS,4
1479,CYMX,CSM3,OTHERS,4
1485,CYND,CSG3,OTHERS,4
1486,CSU3,CSG3,OTHERS,4
1487,CSY3,CSE4,OTHERS,4
1491,CYUL,CSD3,OTHERS,4
1492,CYCC,CSC3,OTHERS,4
1493,CSS3,CSC3,OTHERS,4
1496,CZBM,CSM3,OTHERS,4
1498,CSB3,CSS3,OTHERS,4
1499,CYND,CSY4,OTHERS,4
1501,CSG3,CSY4,OTHERS,4
1502,CSE4,CSY4,OTHERS,4
1503,CYQB,CYVB,OTHERS,4
1504,CYND,CSU3,OTHERS,4
1507,CSR3,CSU3,OTHERS,4
1511,CSA2,CST3,OTHERS,4
1513,CYHU,CSN3,OTHERS,4
1514,CYUL,CSR3,SKYSERVICE BUSINESS AVIATION INC./SKYSERVICE AVIATION D'AFFAIRES INC.,4
1517,CYMX,CSP6,OTHERS,4
1520,CYMX,CSN3,OTHERS,4
1521,CSS3,CSB3,OTHERS,4
1530,CSG3,CSB3,OTHERS,4
1538,CYHU,CAA2,OTHERS,4
1553,CSE4,CNV9,OTHERS,4
1554,CZBM,CSA2,OTHERS,4
1555,CST3,CSA2,OTHERS,4
1562,CYUL,CNV9,AIRSPRINT INC.,4
1579,CSB3,CTE5,OTHERS,4
1581,CSB3,CYCC,OTHERS,4
1583,CSG3,CTR6,OTHERS,4
1584,CSB3,CTR6,OTHERS,4
1585,CYHU,CTY5,OTHERS,4
1587,CSJ5,CTR6,OTHERS,4
1591,CYJN,CYCC,OTHERS,4
1592,CSZ3,CYFJ,OTHERS,4
1593,CYND,CYCC,OTHERS,4
1594,CYUL,CYCC,OTHERS,4
1596,CYMX,CYCC,OTHERS,4
1603,CSN3,CYMX,OTHERS,3
1604,CSM5,CYMX,OTHERS,3
1605,CYMX,CYMW,OTHERS,3
1606,CSP6,CYMX,OTHERS,3
1607,CYND,CYUL,AVIATION STARLINK INC.,3
1611,CNV9,CSB3,OTHERS,3
1621,CZBM,CSZ4,OTHERS,3
1623,CYUY,CNV9,OTHERS,3
1626,CYUL,CYMX,SKYSERVICE BUSINESS AVIATION INC./SKYSERVICE AVIATION D'AFFAIRES INC.,3
1643,CSU3,CNV9,OTHERS,3
1644,CSQ3,CSB3,OTHERS,3
1647,CSJ5,CNV9,OTHERS,3
1660,CSY4,CSG3,OTHERS,3
1661,CYUY,CTR6,OTHERS,3
1662,CSP5,CSG3,OTHERS,3
1664,CSJ4,CSG3,OTHERS,3
1665,CNV9,CSG3,OTHERS,3
1666,CSD3,CYJN,OTHERS,3
1670,CSP6,CYJN,OTHERS,3
1671,CSR3,CYJN,OTHERS,3
1677,CST3,CSE4,OTHERS,3
1681,CYUL,CSG3,OTHERS,3
1683,CYUL,CSJ4,AVIATION STARLINK INC.,3
1684,CYRQ,CSJ4,AIR CANADA,3
1686,CSY3,CSJ4,OTHERS,3
1687,CSS3,CSJ4,OTHERS,3
1689,CSP5,CSJ4,OTHERS,3
1692,CSB3,CSJ4,OTHERS,3
1694,CSU3,CSH5,OTHERS,3
1697,CSP5,CSE4,OTHERS,3
1699,CSR3,CSB3,OTHERS,3
1701,CYUY,CYUL,AIR CANADA,3
1712,CYCC,CSB3,OTHERS,3
1714,CYSC,CYUL,AIRSPRINT INC.,3
1728,CYMX,CSE3,OTHERS,3
1731,CYMX,CSD4,OTHERS,3
1737,CYGP,CYUL,OTHERS,3
1749,CYRQ,CYSC,OTHERS,3
1751,CYND,CYSC,OTHERS,3
1809,CYUL,CYQB,AIR GEORGIAN LIMITED,3
1817,CSD4,CYUL,OTHERS,3
1821,CNV9,CYUL,SUNWING AIRLINES INC.,3
1822,CNV9,CYUL,AVIATION STARLINK INC.,3
1834,CSN7,CYUL,OTHERS,3
1843,CST3,CYUL,OTHERS,3
1845,CSR3,CYUL,SKYSERVICE BUSINESS AVIATION INC./SKYSERVICE AVIATION D'AFFAIRES INC.,3
1850,CYUL,CLA2,OTHERS,3
1854,CYMX,CCP3,OTHERS,3
1855,CYUL,CYND,AVIATION STARLINK INC.,3
1856,CSE4,CCP3,OTHERS,3
1863,CSA2,CYFJ,OTHERS,3
1866,CYMW,CYND,OTHERS,3
1867,CSY4,CLA2,OTHERS,3
1868,CSY3,CLA2,OTHERS,3
1873,CST3,CYND,OTHERS,3
1875,CTR6,CYND,OTHERS,3
1877,CSP5,CES2,OTHERS,3
1878,CYJN,CYND,OTHERS,3
1880,CSB3,CSJ5,OTHERS,3
1883,CSA2,CSQ3,OTHERS,3
1884,CSU3,CSY3,OTHERS,3
1887,CSJ4,CSY3,OTHERS,3
1888,CSE4,CSY3,OTHERS,3
1891,CYND,CZBM,OTHERS,3
1894,CYGV,CYHU,OTHERS,3
1896,CYJN,CSP6,OTHERS,3
1898,CSU7,CYHU,OTHERS,3
1904,CSJ5,CYVB,OTHERS,3
1910,CYPN,CYVB,OTHERS,3
1914,CSG3,CSQ3,OTHERS,3
1915,CYUL,CYVB,SKYSERVICE BUSINESS AVIATION INC./SKYSERVICE AVIATION D'AFFAIRES INC.,3
1918,CSN7,CSM5,OTHERS,3
1919,CYUY,CYHU,AIR GEORGIAN LIMITED,3
1926,CSJ4,CSU3,OTHERS,3
1927,CSG3,CSU3,OTHERS,3
1928,CYHU,CSP5,OTHERS,3
1930,CSU3,CSP5,OTHERS,3
1931,CYSC,CST7,OTHERS,3
1932,CSP5,CSN7,OTHERS,3
1934,CYUL,CST7,AIR CANADA,3
1936,CYJN,CSN7,OTHERS,3
1938,CZBM,CSN7,OTHERS,3
1939,CYUL,CTG3,OTHERS,3
1943,CYRQ,CST3,OTHERS,3
1947,CSG3,CSN3,OTHERS,3
1949,CYMX,CSU3,OTHERS,3
1950,CYUL,CYHU,AVIATION STARLINK INC.,3
1963,CYHU,CYUY,OTHERS,3
1965,CYMX,CYUY,OTHERS,3
1967,CYRQ,CSJ5,AIR CANADA,3
1970,CYUL,CYZV,OTHERS,3
1971,CNV9,CYHU,AIR GEORGIAN LIMITED,3
1980,CSD3,CSS3,OTHERS,3
1985,CYRQ,CSR3,OTHERS,3
1993,CSJ4,CSJ5,OTHERS,3
1994,CYMX,CTE5,OTHERS,3
1995,CSA2,CZBM,OTHERS,3
1996,CSS3,CYHU,OTHERS,3
1997,CYHU,CSM3,AIR CANADA,3
1998,CST3,CSY4,OTHERS,3
1999,CYCC,CSY4,OTHERS,3
2000,CST3,CZBM,OTHERS,3
2004,CZBM,CSS4,OTHERS,3
2008,CYCC,CSQ3,OTHERS,3
2010,CYMX,CSS4,OTHERS,3
2013,CSN3,CYHU,OTHERS,3
2015,CYJN,CSY4,OTHERS,3
2076,CST3,CYRQ,OTHERS,2
2081,CSY3,CYRQ,OTHERS,2
2085,CYUL,CYUY,SKYSERVICE BUSINESS AVIATION INC./SKYSERVICE AVIATION D'AFFAIRES INC.,2
2094,CNV9,CYVB,OTHERS,2
2095,CYVB,CYRQ,OTHERS,2
2097,CSU3,CYVB,OTHERS,2
2100,CYUL,CYUY,AIR CANADA,2
2129,CYSC,CYVB,OTHERS,2
2160,CYUL,CYSC,SKYSERVICE BUSINESS AVIATION INC./SKYSERVICE AVIATION D'AFFAIRES INC.,2
2162,CYCC,CYSC,OTHERS,2
2169,CYZV,CYVB,OTHERS,2
2172,CYUY,CYSC,OTHERS,2
2177,CYUL,CYVO,JAZZ AVIATION LP,2
2190,CYUL,CYUL,AIR FRANCE,2
2205,CYUY,CYUL,AVIATION STARLINK INC.,2
2219,CYQB,CYUL,AIR GEORGIAN LIMITED,2
2222,CYQB,CYUL,SUNWING AIRLINES INC.,2
2240,CYRQ,CYUL,SKYSERVICE BUSINESS AVIATION INC./SKYSERVICE AVIATION D'AFFAIRES INC.,2
2243,CYSC,CYUL,OTHERS,2
2266,CZBM,CYUL,AIRSPRINT INC.,2
2270,CYZV,CYUL,AIR GEORGIAN LIMITED,2
2302,CYCC,CYUL,OTHERS,2
2311,CYJN,CZBM,AIR CANADA,2
2313,CYHU,CYUL,AIRSPRINT INC.,2
2317,CYUL,CZBM,AIRSPRINT INC.,2
2325,CSU3,CYUL,OTHERS,2
2326,CSS4,CYUL,OTHERS,2
2337,CYGV,CYZV,OTHERS,2
2338,CYMX,CYZV,OTHERS,2
2339,CYPN,CYZV,OTHERS,2
2342,CSD3,CYUL,OTHERS,2
2344,CYUL,CYZV,JAZZ AVIATION LP,2
2345,CSJ5,CYUL,AVIATION STARLINK INC.,2
2347,CSM5,CYUL,OTHERS,2
2348,CSQ3,CYUL,OTHERS,2
2349,CSR3,CYUL,AVIATION STARLINK INC.,2
2405,CYMX,CYUL,AIRSPRINT INC.,2
2406,CYMX,CYUL,AVIATION STARLINK INC.,2
2414,CTR6,CSY4,OTHERS,2
2423,CYND,CSJ5,OTHERS,2
2424,CLA2,CSY4,OTHERS,2
2425,CZBM,CSY3,OTHERS,2
2437,CSY4,CAA2,OTHERS,2
2439,CZBM,CSJ4,OTHERS,2
2440,CYJN,CYMX,BANK OF UTAH TRUSTEE,2
2443,CYUL,CSC3,SKYSERVICE BUSINESS AVIATION INC./SKYSERVICE AVIATION D'AFFAIRES INC.,2
2444,CYUL,CSZ3,AVIATION STARLINK INC.,2
2449,CYUL,CCP3,OTHERS,2
2450,CYND,CSJ4,OTHERS,2
2455,CSP6,CSZ3,OTHERS,2
2458,CSA2,CSJ5,OTHERS,2
2469,CLA2,CSY3,OTHERS,2
2473,CTR6,CSL3,OTHERS,2
2479,CSS4,CSU3,OTHERS,2
2481,CSB3,CSL5,OTHERS,2
2482,CSP5,CSU3,OTHERS,2
2484,CYUL,CSL5,OTHERS,2
2496,CSC3,CST7,OTHERS,2
2497,CSB3,CST7,OTHERS,2
2511,CSA2,CSK4,OTHERS,2
2514,CYVB,CSU7,OTHERS,2
2516,CTR6,CYFJ,OTHERS,2
2518,CSZ3,CSK4,OTHERS,2
2520,CYHU,CSU7,OTHERS,2
2522,CSC3,CSU7,OTHERS,2
2526,CYVB,CSU3,OTHERS,2
2527,CYUL,CSU3,OTHERS,2
2528,CYHU,CYMX,AIR GEORGIAN LIMITED,2
2529,CSE4,CSJ4,OTHERS,2
2530,CTA4,CYND,OTHERS,2
2531,CYHU,CTQ6,OTHERS,2
2532,CSU3,CTR6,OTHERS,2
2533,CSY3,CYJN,OTHERS,2
2534,CSZ3,CYJN,OTHERS,2
2537,CSB3,CLA2,OTHERS,2
2541,CYHU,CSE3,OTHERS,2
2546,CSU3,CSE3,OTHERS,2
2550,CSS3,CSE3,OTHERS,2
2556,CYFJ,CTR6,OTHERS,2
2559,CSD4,CSE4,OTHERS,2
2560,CSJ4,CSE4,OTHERS,2
2561,CSJ5,CSE4,OTHERS,2
2566,CSM3,CSE4,OTHERS,2
2567,CSM5,CSE4,OTHERS,2
2568,CSU3,CSE4,OTHERS,2
2572,CSY4,CSE4,OTHERS,2
2574,CYFJ,CSE4,OTHERS,2
2582,CAA2,CSE4,OTHERS,2
2586,CSP5,CYCC,OTHERS,2
2587,CST3,CSD3,OTHERS,2
2590,CSN7,CSD3,OTHERS,2
2591,CCP3,CYMX,OTHERS,2
2593,CYMX,CSH5,OTHERS,2
2594,CSC3,CYCC,OTHERS,2
2595,CSD3,CYCC,OTHERS,2
2600,CSB3,CSJ2,OTHERS,2
2601,CSA2,CYMX,CARGOJET AIRWAYS LTD.,2
2604,CSG3,CYMX,AIR GEORGIAN LIMITED,2
2605,CSQ3,CYMX,OTHERS,2
2608,CSS3,CYMX,OTHERS,2
2609,CSU3,CYMX,OTHERS,2
2610,CTR6,CYMX,OTHERS,2
2613,CSC3,CSH5,OTHERS,2
2616,CYQB,CTG3,OTHERS,2
2618,CSA2,CTY5,OTHERS,2
2620,CNV9,CTG3,OTHERS,2
2621,CYJN,CTE5,OTHERS,2
2623,CNV9,CYLQ,OTHERS,2
2624,CSS3,CTE5,OTHERS,2
2625,CYMX,CYLQ,OTHERS,2
2626,CYFJ,CSG3,OTHERS,2
2627,CSG3,CTE5,OTHERS,2
2628,CSE4,CTE5,OTHERS,2
2629,CYMX,CES2,OTHERS,2
2631,CSA2,CTE5,OTHERS,2
2632,CSY4,CES2,OTHERS,2
2633,CYMX,CSG3,AIR GEORGIAN LIMITED,2
2634,CYUL,CTA4,OTHERS,2
2635,CNV9,CYMW,OTHERS,2
2646,CYVB,CNV9,OTHERS,2
2648,CYHU,CSN7,OTHERS,2
2649,CYZV,CNV9,OTHERS,2
2650,CSP5,CYHU,OTHERS,2
2651,CSS4,CYHU,OTHERS,2
2653,CYUL,CSR8,OTHERS,2
2656,CYND,CYQB,OTHERS,2
2657,CSN7,CSA2,OTHERS,2
2661,CYUL,CYHU,SKYSERVICE BUSINESS AVIATION INC./SKYSERVICE AVIATION D'AFFAIRES INC.,2
2662,CYUL,CSR3,AVIATION STARLINK INC.,2
2664,CYGV,CYQB,OTHERS,2
2665,CSE3,CYHU,OTHERS,2
2666,CYUL,CNV9,BANK OF UTAH TRUSTEE,2
2667,CYRQ,CNV9,AVIATION STARLINK INC.,2
2668,CTY5,CSA2,OTHERS,2
2671,CSA2,CSP5,OTHERS,2
2674,CYPN,CNV9,OTHERS,2
2675,CYZV,CYQB,OTHERS,2
2676,CYFJ,CSA2,OTHERS,2
2679,CYMX,CSS3,OTHERS,2
2680,CYVB,CYQB,OTHERS,2
2681,CYQB,CNV9,OTHERS,2
2683,CYHU,CSS3,OTHERS,2
2684,CSU3,CSA2,OTHERS,2
2686,CYUY,CYQB,OTHERS,2
2687,CYUL,CSN7,OTHERS,2
2690,CSN3,CSA2,OTHERS,2
2692,CYVB,CYPN,OTHERS,2
2693,CYHU,CYGV,OTHERS,2
2697,CYPN,CYHU,OTHERS,2
2705,CSN3,CSM5,OTHERS,2
2708,CSQ3,CSR3,OTHERS,2
2723,CSG3,CYQB,OTHERS,2
2726,CYSC,CSR3,OTHERS,2
2733,CYND,CSR3,OTHERS,2
2734,CSZ3,CSN3,OTHERS,2
2735,CES2,CSP5,OTHERS,2
2736,CSZ3,CST3,OTHERS,2
2740,CYHU,CST3,OTHERS,2
2743,CYSC,CSM3,OTHERS,2
2745,CSY4,CST3,OTHERS,2
2749,CSZ3,CSP6,OTHERS,2
2751,CYHU,CSM3,AIR GEORGIAN LIMITED,2
2752,CYJN,CSM3,OTHERS,2
2761,CSM3,CSB3,OTHERS,2
2764,CSE4,CSM3,OTHERS,2
2765,CSG3,CNV9,OTHERS,2
2768,CYUL,CYND,SKYSERVICE BUSINESS AVIATION INC./SKYSERVICE AVIATION D'AFFAIRES INC.,2
2775,CYJN,CSM5,OTHERS,2
2786,CYND,CSM3,OTHERS,2
2787,CYHU,CNV9,AIR GEORGIAN LIMITED,2
2788,CYJN,CSP5,OTHERS,2
2790,CSE4,CST3,OTHERS,2
2796,CYUL,CSE3,OTHERS,1
2806,CSG3,CSE3,OTHERS,1
2815,CSS3,CSD3,OTHERS,1
2819,CNV9,CSE4,OTHERS,1
2823,CYHU,CSD3,OTHERS,1
2827,CYJN,CSD3,OTHERS,1
2828,CYMX,CSD3,OTHERS,1
2840,CCP3,CSE4,OTHERS,1
2843,CYSC,CSD4,OTHERS,1
2852,CYCC,CSD4,OTHERS,1
2857,CZBM,CSD3,OTHERS,1
2863,CNV9,CSD4,OTHERS,1
2869,CSY4,CSE3,OTHERS,1
2881,CLA2,CSB3,OTHERS,1
2886,CSD4,CSB3,OTHERS,1
2889,CSX5,CSA2,OTHERS,1
2893,CYJN,CSA2,BANK OF UTAH TRUSTEE,1
2896,CYMX,CSA2,BANK OF UTAH TRUSTEE,1
2897,CYUL,CSA2,AIR CANADA,1
2898,CAA2,CSB3,OTHERS,1
2899,CSH5,CSB3,OTHERS,1
2900,CSJ5,CSB3,OTHERS,1
2911,CTE5,CSB3,OTHERS,1
2913,CSM5,CSB3,OTHERS,1
2914,CSY4,CSB3,OTHERS,1
2922,CZBM,CSB3,AIR CANADA,1
2934,CSS3,CSA2,OTHERS,1
2945,CYUL,CSC3,AVIATION STARLINK INC.,1
2947,CST3,CSB3,OTHERS,1
2969,CYUL,CSC3,AIRSPRINT INC.,1
2972,CSN7,CSC3,OTHERS,1
2974,CSR3,CSA2,OTHERS,1
2977,CSM5,CSC3,OTHERS,1
2982,CSL3,CSC3,OTHERS,1
2983,CSK4,CSC3,OTHERS,1
2990,CSB3,CSA2,OTHERS,1
2995,CSU7,CSC3,OTHERS,1
2997,CSJ5,CSA2,OTHERS,1
3002,CYQB,CYRI,OTHERS,1
3011,CYRQ,CSM3,OTHERS,1
3026,CST3,CSM3,OTHERS,1
3052,CSR3,CSM3,OTHERS,1
3057,CZBM,CSL5,OTHERS,1
3060,CYHU,CSL5,AIR CANADA,1
3062,CSC3,CSL5,OTHERS,1
3070,CYHU,CSL3,OTHERS,1
3078,CSC3,CSM3,OTHERS,1
3079,CNV9,CSM3,OTHERS,1
3099,CSS3,CSP5,OTHERS,1
3100,CSN7,CSP5,OTHERS,1
3101,CSC3,CSP5,OTHERS,1
3104,CSB3,CSP5,OTHERS,1
3113,CSX5,CSN7,OTHERS,1
3114,CSU3,CSN7,OTHERS,1
3115,CSM5,CSN7,OTHERS,1
3116,CSD3,CSN7,OTHERS,1
3120,CSP6,CSP5,OTHERS,1
3127,CAA2,CSP6,OTHERS,1
3139,CYRQ,CSP5,OTHERS,1
3140,CYMX,CSP5,OTHERS,1
3144,CSP5,CSM5,OTHERS,1
3149,CSJ5,CSM5,OTHERS,1
3151,CSC3,CSM5,OTHERS,1
3154,CES2,CSM5,OTHERS,1
3165,CSS3,CSM5,OTHERS,1
3167,CYFJ,CSM5,OTHERS,1
3170,CES2,CSN7,OTHERS,1
3171,CYSC,CSN5,OTHERS,1
3176,CYMX,CSN3,AIR GEORGIAN LIMITED,1
3178,CSY4,CSN3,OTHERS,1
3179,CSS3,CSN3,OTHERS,1
3181,CSN7,CSN3,OTHERS,1
3182,CSM5,CSN3,OTHERS,1
3184,CZBM,CSM5,OTHERS,1
3185,CYRQ,CSM5,OTHERS,1
3189,CSJ5,CSL3,OTHERS,1
3192,CSM3,CSH5,OTHERS,1
3193,CSE4,CSH5,OTHERS,1
3197,CSB3,CSH5,AIR CANADA,1
3198,CNV9,CSH5,AIR TRANSAT,1
3199,CYUL,CSG5,JAZZ AVIATION LP,1
3201,CYHU,CSG5,OTHERS,1
3203,CYUY,CSK5,OTHERS,1
3204,CYHU,CSG5,AIR GEORGIAN LIMITED,1
3206,CYSC,CSG3,OTHERS,1
3213,CSZ3,CSG3,OTHERS,1
3215,CYHU,CSH5,AIR CANADA,1
3219,CSJ5,CSJ4,OTHERS,1
3220,CSC3,CSJ4,OTHERS,1
3223,CNV9,CSJ4,OTHERS,1
3224,CYMX,CSJ2,OTHERS,1
3226,CSU3,CSJ2,OTHERS,1
3228,CYUL,CSH5,OTHERS,1
3232,CYRQ,CSH5,OTHERS,1
3234,CYJN,CSH5,OTHERS,1
3235,CYHU,CSH5,BANK OF UTAH TRUSTEE,1
3238,CSN3,CSG3,OTHERS,1
3239,CSM5,CSG3,OTHERS,1
3245,CYPN,CSE4,OTHERS,1
3248,CYJN,CSE4,BANK OF UTAH TRUSTEE,1
3249,CYGV,CSE4,OTHERS,1
3251,CTR6,CSE4,OTHERS,1
3253,CSQ3,CSE4,OTHERS,1
3254,CSN7,CSE4,OTHERS,1
3255,CSL3,CSE4,OTHERS,1
3263,CAA2,CSG3,OTHERS,1
3282,CSP6,CSJ4,OTHERS,1
3307,CYMX,CSK5,OTHERS,1
3311,CSJ5,CSK5,OTHERS,1
3312,CYSC,CSK4,OTHERS,1
3315,CSN7,CSK4,OTHERS,1
3318,CSC3,CSK4,OTHERS,1
3319,CSB3,CSK4,OTHERS,1
3333,CYUL,CSJ4,SKYSERVICE BUSINESS AVIATION INC./SKYSERVICE AVIATION D'AFFAIRES INC.,1
3334,CYUL,CSJ4,AIR CANADA,1
3335,CYQB,CSJ4,OTHERS,1
3336,CYJN,CSJ4,AIR CANADA,1
3337,CTR6,CSJ4,OTHERS,1
3338,CSY4,CSJ4,OTHERS,1
3339,CST3,CSJ4,OTHERS,1
3344,CSR3,CSJ4,OTHERS,1
3346,CSQ3,CSJ4,OTHERS,1
3348,CSE3,CSJ5,OTHERS,1
3349,CZBM,CSJ5,OTHERS,1
3353,CYUL,CSJ5,SKYSERVICE BUSINESS AVIATION INC./SKYSERVICE AVIATION D'AFFAIRES INC.,1
3356,CYUL,CSJ5,AVIATION STARLINK INC.,1
3357,CYUL,CSJ5,AIR CANADA,1
3363,CYMX,CSJ5,AIR GEORGIAN LIMITED,1
3368,CSU3,CSJ5,OTHERS,1
3369,CSR3,CSJ5,OTHERS,1
3485,CZBM,CCP3,OTHERS,1
3486,CYND,CCP3,OTHERS,1
3487,CYMX,CCP3,AIR GEORGIAN LIMITED,1
3488,CSR3,CCP3,OTHERS,1
3489,CSG3,CCP3,OTHERS,1
3490,CSA2,CCP3,OTHERS,1
3521,CSB3,CAA2,OTHERS,1
3541,CSC3,CAA2,OTHERS,1
3542,CSE4,CAA2,BANK OF UTAH TRUSTEE,1
3543,CSJ4,CAA2,OTHERS,1
3544,CSP6,CAA2,OTHERS,1
3562,CSZ3,CAA2,OTHERS,1
3565,CST3,CAA2,OTHERS,1
3791,CSR3,CNV9,OTHERS,1
3794,CSC3,CNV9,OTHERS,1
3859,CST3,CNV9,OTHERS,1
3861,CTY5,CNV9,OTHERS,1
3911,CZBM,CNV9,OTHERS,1
3916,CYMW,CNV9,OTHERS,1
3957,CYJN,CLA2,OTHERS,1
3959,CSE4,CLA2,OTHERS,1
3961,CSA2,CLA2,AIR CANADA,1
3962,CES2,CLA2,OTHERS,1
4005,CSS3,CES2,OTHERS,1
4009,CSN7,CES2,OTHERS,1
4010,CSG3,CES2,OTHERS,1
4024,CSZ3,CES2,OTHERS,1
4026,CYUL,CES2,OTHERS,1
4146,CYHU,CYZV,OTHERS,1
4151,CLA2,CYJN,OTHERS,1
4167,CSY4,CYJN,OTHERS,1
4169,CYUL,CYJN,BANK OF UTAH TRUSTEE,1
4172,CYMX,CYJN,BANK OF UTAH TRUSTEE,1
4179,CNV9,CYJN,OTHERS,1
4180,CST3,CYJN,OTHERS,1
4181,CSS3,CYJN,OTHERS,1
4182,CSN7,CYJN,OTHERS,1
4183,CSK4,CYJN,OTHERS,1
4184,CSG3,CYJN,OTHERS,1
4186,CSE4,CYJN,BANK OF UTAH TRUSTEE,1
4187,CSC3,CYJN,AIR CANADA,1
4189,CSA2,CYJN,BANK OF UTAH TRUSTEE,1
4190,CZBM,CYUL,AVIATION STARLINK INC.,1
4222,CZBM,CYJN,AIR CANADA,1
4223,CZBM,CYJN,BANK OF UTAH TRUSTEE,1
4233,CES2,CYMX,OTHERS,1
4236,CYQB,CYUL,AIRSPRINT INC.,1
4237,CYQB,CYUL,AVIATION STARLINK INC.,1
4238,CYQB,CYUL,BANK OF UTAH TRUSTEE,1
4247,CSA2,CYMX,BANK OF UTAH TRUSTEE,1
4258,CYHU,CYMX,BANK OF UTAH TRUSTEE,1
4263,CYMW,CYUL,AVIATION STARLINK INC.,1
4264,CYFJ,CYMX,OTHERS,1
4266,CSR3,CYMX,OTHERS,1
4267,CYND,CYUL,SKYSERVICE BUSINESS AVIATION INC./SKYSERVICE AVIATION D'AFFAIRES INC.,1
4268,CSH5,CYMX,OTHERS,1
4269,CSE3,CYMX,OTHERS,1
4270,CSD4,CYMX,OTHERS,1
4271,CSC3,CYMX,SKYSERVICE BUSINESS AVIATION INC./SKYSERVICE AVIATION D'AFFAIRES INC.,1
4283,CYUY,CYUL,AIRSPRINT INC.,1
4285,CYUY,CYUL,SKYSERVICE BUSINESS AVIATION INC./SKYSERVICE AVIATION D'AFFAIRES INC.,1
4288,CYVB,CYUL,SKYSERVICE BUSINESS AVIATION INC./SKYSERVICE AVIATION D'AFFAIRES INC.,1
4299,CSB3,CYLQ,OTHERS,1
4301,CTR6,CYMW,OTHERS,1
4302,CSR3,CYMW,OTHERS,1
4303,CSE4,CYMW,OTHERS,1
4306,CYRQ,CYUL,AVIATION STARLINK INC.,1
4310,CYSC,CYUL,AVIATION STARLINK INC.,1
4315,CYND,CYLQ,OTHERS,1
4317,CYJN,CYLQ,OTHERS,1
4318,CYHU,CYLQ,OTHERS,1
4319,CSG3,CYLQ,OTHERS,1
4463,CYRQ,CYMX,AIR GEORGIAN LIMITED,1
4485,CYGV,CYSC,OTHERS,1
4488,CYHU,CYSC,AIRSPRINT INC.,1
4492,CYZV,CYPN,OTHERS,1
4493,CYMX,CYSC,AIR GEORGIAN LIMITED,1
4494,CYSZ,CYPN,OTHERS,1
4495,CYQB,CYPN,OTHERS,1
4505,CYUL,CYSC,AIRSPRINT INC.,1
4506,CYUL,CYSC,AVIATION STARLINK INC.,1
4536,CSE4,CYSG,OTHERS,1
4537,CYHU,CYSG,OTHERS,1
4538,CYUL,CYSG,AVIATION STARLINK INC.,1
4573,CSQ3,CYRQ,OTHERS,1
4574,CSS3,CYRQ,OTHERS,1
4575,CYUL,CYQB,BANK OF UTAH TRUSTEE,1
4576,CYUL,CYQB,AIRSPRINT INC.,1
4577,CTE5,CYRQ,OTHERS,1
4578,CTR6,CYRQ,OTHERS,1
4580,CYRQ,CYQB,OTHERS,1
4607,CYHU,CYRQ,AIR GEORGIAN LIMITED,1
4608,CYPN,CYQB,OTHERS,1
4614,CCP3,CYSC,OTHERS,1
4622,CSG3,CYSC,OTHERS,1
4623,CSH5,CYSC,OTHERS,1
4624,CSJ5,CYSC,OTHERS,1
4634,CYND,CYRQ,OTHERS,1
4637,CYHU,CYQB,AIR GEORGIAN LIMITED,1
4638,CYGP,CYQB,OTHERS,1
4639,CYUL,CYRQ,AIR CANADA,1
4640,CYUL,CYRQ,AVIATION STARLINK INC.,1
4641,CSZ3,CYQB,OTHERS,1
4642,CSP6,CYQB,OTHERS,1
4643,CSJ5,CYQB,OTHERS,1
4644,CSC3,CYQB,OTHERS,1
4649,CNV9,CYQB,OTHERS,1
4656,CSC3,CYUL,AVIATION STARLINK INC.,1
4658,CSD3,CYUL,AIRSPRINT INC.,1
4660,CSN5,CYUL,OTHERS,1
4661,CSR3,CYUL,AIRSPRINT INC.,1
4663,CSR3,CYUL,JAZZ AVIATION LP,1
4682,CNV9,CYUL,AIR FRANCE,1
4683,CNV9,CYUL,BANK OF UTAH TRUSTEE,1
4707,CYUL,CYMX,BANK OF UTAH TRUSTEE,1
4709,CYUL,CYMX,AVIATION STARLINK INC.,1
4714,CSZ3,CYUL,AVIATION STARLINK INC.,1
4718,CTG3,CYUL,OTHERS,1
4719,CTY5,CYUL,OTHERS,1
4731,CSH5,CYND,OTHERS,1
4736,CSM3,CYND,OTHERS,1
4758,CSR3,CYND,OTHERS,1
4761,CSY4,CYND,OTHERS,1
4767,CYZV,CYNA,OTHERS,1
4768,CYGP,CYNA,OTHERS,1
4772,CCP3,CYUL,OTHERS,1
4797,CYUL,CYVB,AIRSPRINT INC.,1
4800,CYGV,CYVB,OTHERS,1
4801,CYHU,CYVB,AIRSPRINT INC.,1
4805,CYND,CSY3,OTHERS,1
4807,CYUL,CYVB,AVIATION STARLINK INC.,1
4809,CYJN,CSY3,OTHERS,1
4810,CYFJ,CSY3,OTHERS,1
4813,CSR3,CSY3,OTHERS,1
4818,CSC3,CYVB,OTHERS,1
4819,CSB3,CSY4,OTHERS,1
4820,CYHU,CSX5,OTHERS,1
4821,CYSC,CYUY,OTHERS,1
4824,CYMX,CYUY,AIR GEORGIAN LIMITED,1
4828,CYQB,CYUY,AIR GEORGIAN LIMITED,1
4829,CYRQ,CYUY,OTHERS,1
4830,CNV9,CSZ3,OTHERS,1
4833,CSN3,CSY4,OTHERS,1
4835,CYRQ,CSY4,OTHERS,1
4837,CYUL,CYUY,AVIATION STARLINK INC.,1
4838,CTE5,CSY4,OTHERS,1
4839,CSS4,CSY4,OTHERS,1
4841,CSP6,CSY4,OTHERS,1
4845,CSU3,CSX5,OTHERS,1
4847,CYFJ,CSU3,OTHERS,1
4863,CSY4,CSU3,OTHERS,1
4868,CSJ5,CSU3,OTHERS,1
4870,CSB3,CSU7,OTHERS,1
4874,CSS3,CSX5,OTHERS,1
4875,CSA2,CSX5,OTHERS,1
4876,CZBM,CSX3,OTHERS,1
4885,CYSC,CSU7,OTHERS,1
4886,CYRQ,CSU7,OTHERS,1
4888,CYMX,CSU7,OTHERS,1
4889,CYJN,CSU7,OTHERS,1
4893,CYFJ,CSU7,OTHERS,1
4894,CSE4,CSU7,OTHERS,1
4895,CYHU,CYUY,AIR GEORGIAN LIMITED,1
4898,CYUY,CTA4,OTHERS,1
4899,CYQB,CTA4,OTHERS,1
4900,CYND,CTA4,OTHERS,1
4901,CYHU,CTA4,OTHERS,1
4902,CNV9,CTA4,OTHERS,1
4904,CZBM,CTA3,OTHERS,1
4920,CSC3,CTE5,OTHERS,1
4921,CTA4,CYUY,OTHERS,1
4922,CYUL,CTG3,SKYSERVICE BUSINESS AVIATION INC./SKYSERVICE AVIATION D'AFFAIRES INC.,1
4928,CYHU,CTK6,OTHERS,1
4931,CYND,CTG3,OTHERS,1
4932,CYGV,CTG3,OTHERS,1
4933,CSY4,CTG3,OTHERS,1
4934,CSZ3,CTE5,OTHERS,1
4936,CSR3,CTE5,OTHERS,1
4937,CSP6,CTE5,OTHERS,1
4941,CYCC,CSZ3,OTHERS,1
4944,CZBM,CSZ3,OTHERS,1
4951,CYFJ,CSZ3,OTHERS,1
4954,CTE5,CSZ3,OTHERS,1
4955,CSU3,CSZ3,OTHERS,1
4956,CSS3,CSZ3,OTHERS,1
4958,CSQ3,CSZ3,OTHERS,1
4959,CSN3,CSZ3,OTHERS,1
4960,CNV9,CYUY,OTHERS,1
4968,CYSC,CSZ4,OTHERS,1
4969,CYHU,CSZ4,AVIATION STARLINK INC.,1
4982,CSE4,CSU3,OTHERS,1
4990,CNV9,CSR3,OTHERS,1
4991,CSB3,CZBM,AIR CANADA,1
4992,CSD3,CZBM,OTHERS,1
4993,CSE3,CSR3,OTHERS,1
4994,CSG3,CZBM,OTHERS,1
4995,CSH5,CZBM,OTHERS,1
4996,CSJ4,CZBM,OTHERS,1
4997,CSJ5,CZBM,OTHERS,1
4999,CSM3,CZBM,OTHERS,1
5000,CYRQ,CSQ3,OTHERS,1
5001,CYND,CSQ3,OTHERS,1
5003,CSZ3,CSQ3,OTHERS,1
5005,CYQB,CSR3,OTHERS,1
5007,CYQB,CYZV,OTHERS,1
5009,CYVB,CYZV,OTHERS,1
5015,CYHU,CSR3,SKYSERVICE BUSINESS AVIATION INC./SKYSERVICE AVIATION D'AFFAIRES INC.,1
5019,CTY5,CSR3,OTHERS,1
5021,CTR6,CSR3,OTHERS,1
5027,CSP6,CSR3,OTHERS,1
5028,CSJ5,CSR3,OTHERS,1
5029,CSX3,CZBM,OTHERS,1
5030,CSX5,CZBM,OTHERS,1
5031,CSZ3,CZBM,OTHERS,1
5032,CST3,CSP6,OTHERS,1
5036,CYND,CSP6,OTHERS,1
5037,CTE5,CSP6,OTHERS,1
5043,CSY3,CSQ3,OTHERS,1
5046,CSS3,CSP6,OTHERS,1
5048,CSQ3,CSP6,OTHERS,1
5051,CSP5,CSP6,OTHERS,1
5052,CYUL,CZBM,SKYSERVICE BUSINESS AVIATION INC./SKYSERVICE AVIATION D'AFFAIRES INC.,1
5056,CTR6,CZBM,OTHERS,1
5057,CTY5,CZBM,OTHERS,1
5059,CSU3,CSQ3,OTHERS,1
5061,CSJ4,CSQ3,OTHERS,1
5063,CSH5,CSQ3,OTHERS,1
5066,CYJN,CZBM,BANK OF UTAH TRUSTEE,1
5075,CYQB,CZBM,OTHERS,1
5087,CYJN,CST3,OTHERS,1
5088,CTE5,CST3,OTHERS,1
5092,CSX3,CST3,OTHERS,1
5093,CSS3,CST3,OTHERS,1
5095,CSP5,CST3,OTHERS,1
5096,CSN3,CST3,OTHERS,1
5098,CSM3,CST3,OTHERS,1
5099,CSD3,CST3,OTHERS,1
5100,CSB3,CST3,OTHERS,1
5105,CYUL,CST7,SKYSERVICE BUSINESS AVIATION INC./SKYSERVICE AVIATION D'AFFAIRES INC.,1
5107,CNV9,CSU3,OTHERS,1
5114,CZBM,CST7,OTHERS,1
5115,CYUL,CST7,AIR TRANSAT,1
5117,CYUL,CST7,AIR GEORGIAN LIMITED,1
5118,CYQB,CST7,OTHERS,1
5119,CSE4,CST7,OTHERS,1
5141,CYUL,CSR3,AIRSPRINT INC.,1
5152,CYGP,CYZV,OTHERS,1
5153,CSA2,CSS3,OTHERS,1
5154,CSC3,CSS3,OTHERS,1
5155,CSE3,CSS3,OTHERS,1
5156,CSL3,CSS3,OTHERS,1
5164,CYJN,CSS4,OTHERS,1
5165,CSY3,CSS4,OTHERS,1
5167,CSU3,CSS4,OTHERS,1
5169,CSP5,CSS4,OTHERS,1
5170,CSA2,CSS4,OTHERS,1
5171,CYUL,CSS3,OTHERS,1
5172,CYJN,CSS3,OTHERS,1
5173,CTY5,CSS3,OTHERS,1
5174,CSY3,CSS3,OTHERS,1
5175,CSP6,CSS3,OTHERS,1
5176,CSN3,CSS3,OTHERS,1
5182,CYZV,CYGV,OTHERS,1
5183,CYUY,CYGV,OTHERS,1
5185,CYPN,CYGV,OTHERS,1
5186,CSE4,CYGV,OTHERS,1
5190,CYUL,CYGP,SKYSERVICE BUSINESS AVIATION INC./SKYSERVICE AVIATION D'AFFAIRES INC.,1
5191,CYUL,CYGP,AIRSPRINT INC.,1
5192,CYQB,CYGP,OTHERS,1
5194,CYGV,CYGP,OTHERS,1
5255,CYND,CYHU,SKYSERVICE BUSINESS AVIATION INC./SKYSERVICE AVIATION D'AFFAIRES INC.,1
5256,CYNA,CYHU,OTHERS,1
5258,CYMX,CYHU,BANK OF UTAH TRUSTEE,1
5267,CYGP,CYHU,OTHERS,1
5277,CYUL,CYHU,AIR TRANSAT,1
5278,CYUL,CYHU,AIR CANADA,1
5283,CYSG,CYHU,OTHERS,1
5284,CYSC,CYHU,AIRSPRINT INC.,1
5307,CNV9,CYHU,AVIATION STARLINK INC.,1
5310,CTY5,CYHU,OTHERS,1
5311,CTR6,CYHU,OTHERS,1
5312,CTG3,CYHU,OTHERS,1
5313,CTE5,CYHU,OTHERS,1
5314,CTA4,CYHU,OTHERS,1
5318,CSN7,CYHU,OTHERS,1
5320,CSN5,CYHU,OTHERS,1
5346,CYUL,CYBG,JAZZ AVIATION LP,1
5361,CZBM,CTY5,OTHERS,1
5369,CYJN,CTR6,OTHERS,1
5374,CSY4,CTR6,OTHERS,1
5378,CSA2,CTR6,OTHERS,1
5384,CYVB,CTQ6,OTHERS,1
5407,CYUL,CTR6,REPUBLIC AIRWAYS INC,1
5411,CSL3,CYFJ,OTHERS,1
5413,CSY4,CYFJ,OTHERS,1
5414,CSY3,CYFJ,OTHERS,1
5415,CSP6,CYFJ,OTHERS,1
5416,CSP5,CYFJ,OTHERS,1
5419,CSJ5,CYFJ,OTHERS,1
5421,CSG3,CYFJ,OTHERS,1
5424,CNV9,CYFJ,OTHERS,1
5430,CSQ3,CYCC,OTHERS,1
5433,CYUL,CYFJ,SKYSERVICE BUSINESS AVIATION INC./SKYSERVICE AVIATION D'AFFAIRES INC.,1
5437,CYRQ,CYFJ,OTHERS,1
5469,CYSC,CYCC,OTHERS,1
5470,CYRQ,CYCC,OTHERS,1
5471,CSY3,CYCC,OTHERS,1
5472,CSU3,CYCC,OTHERS,1
5485,CYUL,CYEY,OTHERS,1
